date,count,col_no,id,w_add,removed_aggression,removed_egglaying,removed_other,removed_total,w_dead,capacity
02/04/2019,3,1,E3,0,0,0,0,0,0,9
02/04/2019,3,2,CR1.12,0,0,0,0,0,2,6
02/04/2019,3,3,CR2.1,0,0,0,0,0,0,3
02/04/2019,3,4,CR1.17,0,0,0,0,0,1,16
02/04/2019,3,5,TR2.14,0,0,0,0,0,2,17
02/04/2019,3,6,CR1.11,0,0,0,0,0,0,11
02/04/2019,3,7,TR2.13,0,0,0,0,0,0,13
02/04/2019,3,8,TR2.2,0,0,0,0,0,0,11
02/04/2019,3,9,CR1.16,0,0,0,0,0,0,14
02/04/2019,3,10,TR1.5,0,0,0,0,0,1,7
02/04/2019,3,11,TR1.9,0,0,0,0,0,0,6
02/04/2019,3,12,TR2.9,0,0,0,3,3,0,20
02/04/2019,3,13,CR1.9,0,0,0,0,0,0,10
02/04/2019,3,14,TR1.11,0,0,0,0,0,0,13
02/04/2019,3,15,TR1.10,0,0,0,0,0,0,6
02/04/2019,3,16,CR2.2,0,0,0,0,0,1,2
02/04/2019,3,18,TR1.16,0,0,0,0,0,0,8
02/04/2019,3,19,TR1.15,0,0,0,0,0,0,11
02/04/2019,3,20,CR1.10,0,0,0,2,2,2,20
02/04/2019,3,21,CR1.15,0,0,0,0,0,0,14
02/04/2019,3,22,TR2.12,0,0,0,0,0,0,12
02/04/2019,3,23,CR2.14,0,0,0,9,9,0,20
02/04/2019,3,24,CR2.9,0,0,0,0,0,9,9
02/04/2019,3,25,CR2.11,0,0,0,0,0,0,13
02/04/2019,3,26,TR1.19,0,0,0,0,0,0,17
02/04/2019,3,27,CR1.8,0,0,0,0,0,0,7
02/04/2019,3,28,CR1.2,0,0,0,0,0,1,19
02/04/2019,3,29,CR1.7,0,0,0,0,0,0,3
02/04/2019,3,30,CR2.12,0,0,0,0,0,0,14
02/04/2019,3,31,CR2.5,0,0,0,0,0,1,18
02/04/2019,3,32,TR1.4,0,0,0,0,0,0,8
02/04/2019,3,33,CR1.4,0,0,0,0,0,0,5
02/04/2019,3,34,TR1.8,0,0,0,0,0,0,8
02/04/2019,3,35,TR1.7,0,0,0,0,0,1,6
02/04/2019,3,36,CR2x.4,0,0,0,7,7,1,20
02/04/2019,3,37,CR1x.18,0,0,0,0,0,1,5
02/04/2019,3,38,TR2.4,0,0,0,0,0,0,8
02/04/2019,3,39,TR1.3,0,0,0,0,0,2,3
02/04/2019,3,40,CR1.13,0,0,0,2,2,0,20
02/04/2019,3,41,TR2.5,0,0,0,0,0,0,6
02/04/2019,3,42,TR1.2,0,0,0,0,0,0,8
02/04/2019,3,43,TR1.13,0,0,0,0,0,0,8
02/04/2019,3,44,TR1.6,0,0,0,0,0,1,15
02/04/2019,3,45,CR2.3,0,0,0,0,0,0,6
02/04/2019,3,46,TR2.11,0,0,0,0,0,0,11
02/04/2019,3,47,TR2.8,0,0,0,0,0,1,11
02/04/2019,3,48,CR1.6,0,0,0,0,0,0,9
02/04/2019,3,49,CR2.8,0,0,0,0,0,0,13
02/04/2019,3,50,CR2.6,0,0,0,0,0,0,20
02/04/2019,3,52,CR1.1,0,0,0,0,0,0,13
02/04/2019,3,53,CR1.3,0,0,0,0,0,0,6
02/04/2019,3,55,CR1.19,0,0,0,0,0,2,13
02/04/2019,3,56,TR1.14,0,0,0,0,0,0,9
02/04/2019,3,57,CR1.14,0,0,0,0,0,1,10
02/04/2019,3,58,CR2.13,0,0,0,0,0,0,10
02/04/2019,3,59,CR1.5,0,0,0,0,0,0,6
02/04/2019,3,60,TR2.1,0,0,0,0,0,0,3
02/04/2019,3,61,TR1.18,0,0,0,0,0,1,12
02/04/2019,3,62,E5,0,0,0,0,0,0,20
02/04/2019,3,63,CR2.15,0,0,0,6,6,0,20
02/04/2019,3,64,CR2.10,0,0,0,0,0,0,20
02/04/2019,3,65,CR1.20,0,0,0,0,0,0,20
02/04/2019,3,66,TR2.3,0,0,0,0,0,0,10
02/04/2019,3,67,TR1.1,0,0,0,0,0,0,3
02/04/2019,3,68,CR2.7,0,0,0,0,0,0,14
02/04/2019,3,69,TR2.15,0,0,0,0,0,2,16
02/04/2019,3,70,TR2.10,0,0,0,5,5,0,20
02/04/2019,3,71,TR2.7,0,0,0,0,0,0,11
02/04/2019,3,72,TR2.6,0,0,0,0,0,0,10
02/04/2019,3,73,TR1.17,0,0,0,0,0,1,14
02/04/2019,3,74,TR1.20,0,0,0,0,0,0,20
02/04/2019,3,75,TR1.12,0,0,0,0,0,0,19
04/04/2019,4,1,E3,0,0,0,0,0,1,10
04/04/2019,4,2,CR1.12,0,0,0,0,0,2,4
04/04/2019,4,3,CR2.1,0,0,0,0,0,0,7
04/04/2019,4,4,CR1.17,0,0,0,2,2,0,20
04/04/2019,4,5,TR2.14,0,0,0,0,0,1,17
04/04/2019,4,6,CR1.11,0,0,0,0,0,0,13
04/04/2019,4,7,TR2.13,0,0,0,0,0,1,15
04/04/2019,4,8,TR2.2,0,0,0,0,0,0,16
04/04/2019,4,9,CR1.16,0,0,0,0,0,0,19
04/04/2019,4,10,TR1.5,0,0,0,0,0,0,9
04/04/2019,4,11,TR1.9,0,0,0,0,0,0,8
04/04/2019,4,12,TR2.9,0,0,0,7,7,0,20
04/04/2019,4,13,CR1.9,0,0,0,0,0,0,13
04/04/2019,4,14,TR1.11,0,0,0,0,0,0,15
04/04/2019,4,15,TR1.10,0,0,0,0,0,0,6
04/04/2019,4,16,CR2.2,0,0,0,0,0,0,3
04/04/2019,4,18,TR1.16,0,0,0,0,0,0,12
04/04/2019,4,19,TR1.15,0,0,0,0,0,0,11
04/04/2019,4,20,CR1.10,0,0,0,7,7,0,20
04/04/2019,4,21,CR1.15,0,0,0,0,0,0,14
04/04/2019,4,22,TR2.12,0,0,0,0,0,2,13
04/04/2019,4,23,CR2.14,0,0,0,3,3,0,20
04/04/2019,4,24,CR2.9,0,0,0,0,0,0,9
04/04/2019,4,25,CR2.11,0,0,0,0,0,0,14
04/04/2019,4,26,TR1.19,0,0,0,2,2,0,20
04/04/2019,4,27,CR1.8,0,0,0,0,0,0,12
04/04/2019,4,28,CR1.2,0,0,0,2,2,0,20
04/04/2019,4,29,CR1.7,0,0,0,0,0,0,3
04/04/2019,4,30,CR2.12,0,0,0,0,0,1,14
04/04/2019,4,31,CR2.5,0,0,0,0,0,0,18
04/04/2019,4,32,TR1.4,0,0,0,0,0,0,16
04/04/2019,4,33,CR1.4,0,0,0,0,0,0,8
04/04/2019,4,34,TR1.8,0,0,0,0,0,0,12
04/04/2019,4,35,TR1.7,0,0,0,0,0,0,9
04/04/2019,4,36,CR2x.4,0,0,0,8,8,0,20
04/04/2019,4,37,CR1x.18,0,0,0,0,0,0,9
04/04/2019,4,38,TR2.4,0,0,0,0,0,0,13
04/04/2019,4,39,TR1.3,0,0,0,0,0,0,3
04/04/2019,4,40,CR1.13,0,0,0,0,0,0,20
04/04/2019,4,41,TR2.5,0,0,0,0,0,2,4
04/04/2019,4,42,TR1.2,0,0,0,0,0,0,10
04/04/2019,4,43,TR1.13,0,0,0,0,0,0,13
04/04/2019,4,44,TR1.6,0,0,0,3,3,0,20
04/04/2019,4,45,CR2.3,0,0,0,0,0,0,9
04/04/2019,4,46,TR2.11,0,0,0,0,0,1,15
04/04/2019,4,47,TR2.8,0,0,0,0,0,2,10
04/04/2019,4,48,CR1.6,0,0,0,0,0,0,11
04/04/2019,4,49,CR2.8,0,0,0,0,0,0,14
04/04/2019,4,50,CR2.6,0,0,0,0,0,0,20
04/04/2019,4,52,CR1.1,0,0,0,0,0,0,16
04/04/2019,4,53,CR1.3,0,0,0,0,0,0,14
04/04/2019,4,55,CR1.19,0,0,0,0,0,0,13
04/04/2019,4,56,TR1.14,0,0,0,0,0,0,10
04/04/2019,4,57,CR1.14,0,0,0,0,0,0,10
04/04/2019,4,58,CR2.13,0,0,0,0,0,0,13
04/04/2019,4,59,CR1.5,0,0,0,0,0,0,13
04/04/2019,4,60,TR2.1,0,0,0,0,0,0,3
04/04/2019,4,61,TR1.18,0,0,0,0,0,2,14
04/04/2019,4,62,E5,0,0,0,0,0,0,20
04/04/2019,4,63,CR2.15,0,0,0,1,1,0,20
04/04/2019,4,64,CR2.10,0,0,0,3,3,1,20
04/04/2019,4,65,CR1.20,0,0,0,7,7,0,20
04/04/2019,4,66,TR2.3,0,0,0,0,0,1,9
04/04/2019,4,67,TR1.1,0,0,0,0,0,0,3
04/04/2019,4,68,CR2.7,0,0,0,7,7,0,20
04/04/2019,4,69,TR2.15,0,0,0,4,4,0,20
04/04/2019,4,70,TR2.10,0,0,0,5,5,0,20
04/04/2019,4,71,TR2.7,0,0,0,0,0,0,12
04/04/2019,4,72,TR2.6,0,0,0,0,0,1,20
04/04/2019,4,73,TR1.17,0,0,0,0,0,1,16
04/04/2019,4,74,TR1.20,0,0,0,3,3,0,20
04/04/2019,4,75,TR1.12,0,0,0,2,2,0,20
06/04/2019,5,1,E3,0,0,0,0,0,0,12
06/04/2019,5,2,CR1.12,0,0,0,0,0,0,4
06/04/2019,5,3,CR2.1,0,0,0,0,0,0,7
06/04/2019,5,4,CR1.17,0,0,0,9,9,0,20
06/04/2019,5,5,TR2.14,0,0,0,0,0,0,20
06/04/2019,5,6,CR1.11,0,0,0,0,0,0,18
06/04/2019,5,7,TR2.13,0,0,0,0,0,0,20
06/04/2019,5,8,TR2.2,0,0,0,3,3,0,20
06/04/2019,5,9,CR1.16,0,0,0,3,3,0,20
06/04/2019,5,10,TR1.5,0,0,0,0,0,0,9
06/04/2019,5,11,TR1.9,0,0,0,0,0,0,20
06/04/2019,5,12,TR2.9,0,0,0,13,13,0,20
06/04/2019,5,13,CR1.9,0,0,0,0,0,0,14
06/04/2019,5,14,TR1.11,0,0,0,0,0,0,19
06/04/2019,5,15,TR1.10,0,0,0,0,0,0,7
06/04/2019,5,16,CR2.2,0,0,0,0,0,0,9
06/04/2019,5,18,TR1.16,0,0,0,0,0,1,18
06/04/2019,5,19,TR1.15,0,0,0,0,0,0,11
06/04/2019,5,20,CR1.10,0,0,0,8,8,0,20
06/04/2019,5,21,CR1.15,0,0,0,0,0,0,18
06/04/2019,5,22,TR2.12,0,0,0,0,0,0,15
06/04/2019,5,23,CR2.14,0,0,0,0,0,0,20
06/04/2019,5,24,CR2.9,0,0,0,0,0,0,13
06/04/2019,5,25,CR2.11,0,0,0,4,4,0,20
06/04/2019,5,26,TR1.19,0,0,0,1,1,0,20
06/04/2019,5,27,CR1.8,0,0,0,0,0,0,13
06/04/2019,5,28,CR1.2,0,0,0,5,5,0,20
06/04/2019,5,29,CR1.7,6,0,0,0,0,1,3
06/04/2019,5,30,CR2.12,0,0,0,8,8,1,20
06/04/2019,5,31,CR2.5,0,0,0,0,0,1,18
06/04/2019,5,32,TR1.4,0,0,0,3,3,1,20
06/04/2019,5,33,CR1.4,0,0,0,0,0,0,16
06/04/2019,5,34,TR1.8,0,0,0,4,4,0,20
06/04/2019,5,35,TR1.7,0,0,0,0,0,1,19
06/04/2019,5,36,CR2x.4,0,0,0,2,2,0,20
06/04/2019,5,37,CR1x.18,0,0,0,1,1,0,20
06/04/2019,5,38,TR2.4,0,0,0,0,0,0,17
06/04/2019,5,39,TR1.3,0,0,0,0,0,0,6
06/04/2019,5,40,CR1.13,0,0,0,0,0,0,20
06/04/2019,5,41,TR2.5,0,0,0,0,0,0,7
06/04/2019,5,42,TR1.2,0,0,0,0,0,1,12
06/04/2019,5,43,TR1.13,0,1,0,4,5,0,20
06/04/2019,5,44,TR1.6,0,0,0,13,13,0,20
06/04/2019,5,45,CR2.3,0,0,0,0,0,0,10
06/04/2019,5,46,TR2.11,0,0,0,6,6,0,20
06/04/2019,5,47,TR2.8,0,0,0,0,0,0,10
06/04/2019,5,48,CR1.6,0,0,0,0,0,1,13
06/04/2019,5,49,CR2.8,0,0,0,0,0,0,12
06/04/2019,5,50,CR2.6,0,2,0,9,11,0,20
06/04/2019,5,52,CR1.1,0,0,0,0,0,0,18
06/04/2019,5,53,CR1.3,0,0,0,0,0,0,18
06/04/2019,5,55,CR1.19,0,0,0,0,0,0,15
06/04/2019,5,56,TR1.14,0,0,0,0,0,0,14
06/04/2019,5,57,CR1.14,0,0,0,0,0,0,16
06/04/2019,5,58,CR2.13,0,0,0,7,7,0,19
06/04/2019,5,59,CR1.5,0,0,0,0,0,0,17
06/04/2019,5,60,TR2.1,0,0,0,0,0,0,3
06/04/2019,5,61,TR1.18,0,0,0,1,1,2,20
06/04/2019,5,62,E5,0,0,0,0,0,0,20
06/04/2019,5,63,CR2.15,0,0,0,0,0,0,20
06/04/2019,5,64,CR2.10,0,0,0,7,7,1,20
06/04/2019,5,65,CR1.20,0,0,0,1,1,0,20
06/04/2019,5,66,TR2.3,0,0,0,0,0,0,15
06/04/2019,5,67,TR1.1,0,0,0,0,0,0,5
06/04/2019,5,68,CR2.7,0,0,0,10,10,0,20
06/04/2019,5,69,TR2.15,0,1,0,7,8,0,20
06/04/2019,5,70,TR2.10,0,0,0,11,11,0,20
06/04/2019,5,71,TR2.7,0,0,0,3,3,0,20
06/04/2019,5,72,TR2.6,0,1,0,6,7,0,20
06/04/2019,5,73,TR1.17,0,0,0,0,0,0,18
06/04/2019,5,74,TR1.20,0,2,0,7,9,0,20
06/04/2019,5,75,TR1.12,0,0,0,2,2,0,20
08/04/2019,6,1,E3,0,0,0,0,0,0,20
08/04/2019,6,2,CR1.12,0,0,0,0,0,0,20
08/04/2019,6,3,CR2.1,0,0,0,0,0,0,20
08/04/2019,6,4,CR1.17,0,0,0,3,3,0,20
08/04/2019,6,5,TR2.14,0,0,0,8,8,0,20
08/04/2019,6,6,CR1.11,0,0,0,0,0,0,20
08/04/2019,6,7,TR2.13,0,0,0,1,1,0,20
08/04/2019,6,8,TR2.2,0,0,0,3,3,0,20
08/04/2019,6,9,CR1.16,0,0,0,1,1,0,20
08/04/2019,6,10,TR1.5,0,0,0,13,13,0,20
08/04/2019,6,11,TR1.9,0,0,0,0,0,0,20
08/04/2019,6,12,TR2.9,0,0,0,1,1,0,20
08/04/2019,6,13,CR1.9,0,0,0,0,0,0,20
08/04/2019,6,14,TR1.11,0,0,0,0,0,0,20
08/04/2019,6,15,TR1.10,0,0,0,0,0,0,20
08/04/2019,6,16,CR2.2,0,0,0,0,0,0,20
08/04/2019,6,18,TR1.16,0,0,0,0,0,0,20
08/04/2019,6,19,TR1.15,0,0,0,0,0,0,20
08/04/2019,6,20,CR1.10,0,0,0,0,0,0,20
08/04/2019,6,21,CR1.15,0,0,0,0,0,0,20
08/04/2019,6,22,TR2.12,0,0,0,0,0,0,20
08/04/2019,6,23,CR2.14,0,0,0,0,0,0,20
08/04/2019,6,24,CR2.9,0,0,0,0,0,0,20
08/04/2019,6,25,CR2.11,0,0,0,8,8,0,20
08/04/2019,6,26,TR1.19,0,0,0,10,10,0,20
08/04/2019,6,27,CR1.8,0,0,0,0,0,0,20
08/04/2019,6,28,CR1.2,0,0,0,10,10,0,20
08/04/2019,6,29,CR1.7,0,0,0,0,0,0,20
08/04/2019,6,30,CR2.12,0,0,0,16,16,0,20
08/04/2019,6,31,CR2.5,0,0,0,1,1,0,20
08/04/2019,6,32,TR1.4,0,0,0,7,7,0,20
08/04/2019,6,33,CR1.4,0,0,0,0,0,0,20
08/04/2019,6,34,TR1.8,0,0,0,10,10,0,20
08/04/2019,6,35,TR1.7,0,0,0,0,0,0,20
08/04/2019,6,36,CR2x.4,0,0,0,1,1,0,20
08/04/2019,6,37,CR1x.18,0,0,0,0,0,0,20
08/04/2019,6,38,TR2.4,0,0,0,0,0,0,20
08/04/2019,6,39,TR1.3,0,0,0,0,0,0,20
08/04/2019,6,40,CR1.13,0,0,0,0,0,0,20
08/04/2019,6,41,TR2.5,0,0,0,0,0,0,20
08/04/2019,6,42,TR1.2,0,0,0,0,0,0,20
08/04/2019,6,43,TR1.13,0,0,0,5,5,0,20
08/04/2019,6,44,TR1.6,0,0,0,9,9,0,20
08/04/2019,6,45,CR2.3,0,0,0,0,0,0,20
08/04/2019,6,46,TR2.11,0,0,0,12,12,0,20
08/04/2019,6,47,TR2.8,0,0,0,0,0,0,20
08/04/2019,6,48,CR1.6,0,0,0,0,0,0,20
08/04/2019,6,49,CR2.8,0,0,0,0,0,0,20
08/04/2019,6,50,CR2.6,0,0,0,0,0,21,20
08/04/2019,6,52,CR1.1,0,0,0,0,0,0,20
08/04/2019,6,53,CR1.3,0,0,0,0,0,0,20
08/04/2019,6,55,CR1.19,0,0,0,0,0,0,20
08/04/2019,6,56,TR1.14,0,0,0,0,0,0,20
08/04/2019,6,57,CR1.14,0,0,0,0,0,0,20
08/04/2019,6,58,CR2.13,0,0,0,0,0,0,20
08/04/2019,6,59,CR1.5,0,0,0,0,0,0,20
08/04/2019,6,60,TR2.1,0,0,0,0,0,0,20
08/04/2019,6,61,TR1.18,0,0,0,0,0,0,20
08/04/2019,6,62,E5,0,0,0,0,0,0,20
08/04/2019,6,63,CR2.15,0,0,0,0,0,0,20
08/04/2019,6,64,CR2.10,0,0,0,0,0,2,20
08/04/2019,6,65,CR1.20,0,0,0,0,0,0,20
08/04/2019,6,66,TR2.3,0,0,0,0,0,0,20
08/04/2019,6,67,TR1.1,0,0,0,0,0,0,20
08/04/2019,6,68,CR2.7,0,0,0,0,0,12,20
08/04/2019,6,69,TR2.15,0,0,0,0,0,5,20
08/04/2019,6,70,TR2.10,0,0,0,0,0,0,20
08/04/2019,6,71,TR2.7,0,0,0,0,0,4,20
08/04/2019,6,72,TR2.6,0,0,0,0,0,10,20
08/04/2019,6,73,TR1.17,0,0,0,0,0,8,20
08/04/2019,6,74,TR1.20,0,0,0,0,0,0,20
08/04/2019,6,75,TR1.12,0,0,0,0,0,0,20
10/04/2019,7,1,E3,0,0,0,5,5,1,20
10/04/2019,7,2,CR1.12,6,0,0,0,0,0,20
10/04/2019,7,3,CR2.1,0,0,0,0,0,0,15
10/04/2019,7,4,CR1.17,0,0,0,4,4,0,20
10/04/2019,7,5,TR2.14,0,0,0,0,0,3,20
10/04/2019,7,6,CR1.11,0,0,0,21,21,0,20
10/04/2019,7,7,TR2.13,0,1,0,2,3,0,20
10/04/2019,7,8,TR2.2,0,0,0,1,1,0,20
10/04/2019,7,9,CR1.16,0,0,0,0,0,0,20
10/04/2019,7,10,TR1.5,0,0,0,0,0,0,14
10/04/2019,7,11,TR1.9,0,0,0,0,0,1,20
10/04/2019,7,12,TR2.9,0,0,0,0,0,2,20
10/04/2019,7,13,CR1.9,0,0,0,0,0,0,18
10/04/2019,7,14,TR1.11,0,0,0,0,0,0,20
10/04/2019,7,15,TR1.10,0,0,0,0,0,1,14
10/04/2019,7,16,CR2.2,0,0,0,0,0,0,16
10/04/2019,7,18,TR1.16,0,0,0,0,0,0,18
10/04/2019,7,19,TR1.15,0,0,0,0,0,0,15
10/04/2019,7,20,CR1.10,0,0,0,0,0,0,20
10/04/2019,7,21,CR1.15,0,0,0,8,8,0,20
10/04/2019,7,22,TR2.12,0,0,0,0,0,2,17
10/04/2019,7,23,CR2.14,0,0,0,2,2,0,20
10/04/2019,7,24,CR2.9,0,0,0,0,0,0,20
10/04/2019,7,25,CR2.11,0,1,0,7,8,0,20
10/04/2019,7,26,TR1.19,0,0,0,1,1,0,20
10/04/2019,7,27,CR1.8,0,0,0,0,0,2,14
10/04/2019,7,28,CR1.2,0,0,0,5,5,0,20
10/04/2019,7,29,CR1.7,11,0,0,0,0,1,20
10/04/2019,7,30,CR2.12,0,1,0,8,9,0,20
10/04/2019,7,31,CR2.5,0,0,0,2,2,1,20
10/04/2019,7,32,TR1.4,0,0,0,0,0,0,20
10/04/2019,7,33,CR1.4,0,0,0,0,0,0,20
10/04/2019,7,34,TR1.8,0,0,0,3,3,0,20
10/04/2019,7,35,TR1.7,0,0,0,2,2,1,20
10/04/2019,7,36,CR2x.4,0,2,0,1,3,0,20
10/04/2019,7,37,CR1x.18,0,0,0,1,1,3,20
10/04/2019,7,38,TR2.4,0,0,0,7,7,0,20
10/04/2019,7,39,TR1.3,8,0,0,0,0,0,18
10/04/2019,7,40,CR1.13,0,0,0,4,4,0,20
10/04/2019,7,41,TR2.5,0,0,0,0,0,0,10
10/04/2019,7,42,TR1.2,0,0,0,5,5,0,20
10/04/2019,7,43,TR1.13,0,0,0,0,0,2,20
10/04/2019,7,44,TR1.6,0,0,0,2,2,1,19
10/04/2019,7,45,CR2.3,0,0,0,1,1,1,20
10/04/2019,7,46,TR2.11,0,0,0,1,1,1,20
10/04/2019,7,47,TR2.8,0,0,0,3,3,0,20
10/04/2019,7,48,CR1.6,0,0,0,1,1,0,20
10/04/2019,7,49,CR2.8,0,0,0,0,0,0,15
10/04/2019,7,50,CR2.6,0,1,0,0,1,0,20
10/04/2019,7,52,CR1.1,0,0,0,6,6,0,20
10/04/2019,7,53,CR1.3,0,0,0,15,15,0,20
10/04/2019,7,55,CR1.19,0,0,0,5,5,0,20
10/04/2019,7,56,TR1.14,0,0,0,0,0,0,19
10/04/2019,7,57,CR1.14,0,0,0,10,10,0,20
10/04/2019,7,58,CR2.13,0,0,0,3,3,1,20
10/04/2019,7,59,CR1.5,0,0,0,10,10,0,20
10/04/2019,7,60,TR2.1,11,0,0,0,0,0,20
10/04/2019,7,61,TR1.18,0,1,0,12,13,0,20
10/04/2019,7,62,E5,0,0,0,0,0,0,20
10/04/2019,7,63,CR2.15,0,0,0,3,3,0,20
10/04/2019,7,64,CR2.10,0,0,0,2,2,0,20
10/04/2019,7,65,CR1.20,0,0,0,0,0,0,20
10/04/2019,7,66,TR2.3,0,0,0,13,13,0,20
10/04/2019,7,67,TR1.1,0,0,0,0,0,0,13
10/04/2019,7,68,CR2.7,0,1,0,2,3,1,20
10/04/2019,7,69,TR2.15,0,0,0,1,1,1,20
10/04/2019,7,70,TR2.10,0,0,0,0,0,1,19
10/04/2019,7,71,TR2.7,0,0,0,2,2,1,20
10/04/2019,7,72,TR2.6,0,1,0,3,4,0,20
10/04/2019,7,73,TR1.17,0,0,0,4,4,0,20
10/04/2019,7,74,TR1.20,0,0,0,5,5,0,20
10/04/2019,7,75,TR1.12,0,0,0,1,1,0,20
11/04/2019,8,1,E3,0,0,0,8,8,0,20
11/04/2019,8,2,CR1.12,0,0,0,4,4,0,20
11/04/2019,8,3,CR2.1,4,0,0,0,0,0,20
11/04/2019,8,4,CR1.17,0,0,0,4,4,0,20
11/04/2019,8,5,TR2.14,0,0,0,1,1,0,20
11/04/2019,8,6,CR1.11,0,0,0,6,6,0,20
11/04/2019,8,7,TR2.13,0,0,0,4,4,0,20
11/04/2019,8,8,TR2.2,0,0,0,1,1,0,20
11/04/2019,8,9,CR1.16,0,0,0,0,0,0,20
11/04/2019,8,10,TR1.5,2,0,0,0,0,0,20
11/04/2019,8,11,TR1.9,0,0,0,2,2,0,20
11/04/2019,8,12,TR2.9,0,0,0,0,0,0,20
11/04/2019,8,13,CR1.9,0,0,0,2,2,0,20
11/04/2019,8,14,TR1.11,0,0,0,6,6,0,20
11/04/2019,8,15,TR1.10,4,0,0,0,0,0,20
11/04/2019,8,16,CR2.2,3,0,0,0,0,0,20
11/04/2019,8,18,TR1.16,2,0,0,0,0,0,20
11/04/2019,8,19,TR1.15,6,0,0,0,0,1,20
11/04/2019,8,20,CR1.10,0,0,0,0,0,0,20
11/04/2019,8,21,CR1.15,0,0,0,0,0,0,20
11/04/2019,8,22,TR2.12,0,0,0,0,0,0,20
11/04/2019,8,23,CR2.14,0,0,0,6,6,0,20
11/04/2019,8,24,CR2.9,0,0,0,4,4,0,20
11/04/2019,8,25,CR2.11,0,0,0,0,0,0,20
11/04/2019,8,26,TR1.19,0,0,0,2,2,0,20
11/04/2019,8,27,CR1.8,6,0,0,0,0,0,20
11/04/2019,8,28,CR1.2,0,0,0,2,2,0,20
11/04/2019,8,29,CR1.7,0,0,0,0,0,0,20
11/04/2019,8,30,CR2.12,0,0,0,5,5,0,20
11/04/2019,8,31,CR2.5,0,0,0,0,0,0,20
11/04/2019,8,32,TR1.4,0,0,0,0,0,0,20
11/04/2019,8,33,CR1.4,0,0,0,1,1,0,20
11/04/2019,8,34,TR1.8,0,0,0,1,1,0,20
11/04/2019,8,35,TR1.7,0,0,0,0,0,0,20
11/04/2019,8,36,CR2x.4,0,0,0,0,0,0,20
11/04/2019,8,37,CR1x.18,0,0,0,1,1,0,20
11/04/2019,8,38,TR2.4,0,0,0,0,0,0,20
11/04/2019,8,39,TR1.3,0,0,0,0,0,0,20
11/04/2019,8,40,CR1.13,0,0,0,0,0,0,20
11/04/2019,8,41,TR2.5,10,0,0,0,0,0,20
11/04/2019,8,42,TR1.2,0,0,0,0,0,0,20
11/04/2019,8,43,TR1.13,0,0,0,0,0,0,20
11/04/2019,8,44,TR1.6,0,0,0,1,1,0,20
11/04/2019,8,45,CR2.3,0,0,0,0,0,0,20
11/04/2019,8,46,TR2.11,0,0,0,2,2,0,20
11/04/2019,8,47,TR2.8,0,0,0,2,2,0,20
11/04/2019,8,48,CR1.6,0,0,0,0,0,0,20
11/04/2019,8,49,CR2.8,4,0,0,0,0,0,20
11/04/2019,8,50,CR2.6,0,0,0,0,0,0,20
11/04/2019,8,52,CR1.1,0,0,0,0,0,0,20
11/04/2019,8,53,CR1.3,0,0,0,0,0,0,20
11/04/2019,8,55,CR1.19,0,0,0,0,0,0,20
11/04/2019,8,56,TR1.14,0,0,0,0,0,0,20
11/04/2019,8,57,CR1.14,0,0,0,2,2,0,20
11/04/2019,8,58,CR2.13,0,0,0,3,3,0,20
11/04/2019,8,59,CR1.5,0,0,0,1,1,0,20
11/04/2019,8,60,TR2.1,0,0,0,2,2,0,20
11/04/2019,8,61,TR1.18,0,0,0,0,0,0,20
11/04/2019,8,62,E5,0,0,0,0,0,0,20
11/04/2019,8,63,CR2.15,0,0,0,2,2,0,20
11/04/2019,8,64,CR2.10,0,0,0,3,3,0,20
11/04/2019,8,65,CR1.20,0,0,0,3,3,0,20
11/04/2019,8,66,TR2.3,0,0,0,4,4,0,20
11/04/2019,8,67,TR1.1,7,0,0,0,0,0,20
11/04/2019,8,68,CR2.7,0,0,0,0,0,0,20
11/04/2019,8,69,TR2.15,0,0,0,0,0,0,20
11/04/2019,8,70,TR2.10,1,0,0,0,0,0,20
11/04/2019,8,71,TR2.7,0,0,0,0,0,0,20
11/04/2019,8,72,TR2.6,0,0,0,0,0,0,20
11/04/2019,8,73,TR1.17,0,0,0,3,3,0,20
11/04/2019,8,74,TR1.20,0,0,0,5,5,0,20
11/04/2019,8,75,TR1.12,0,0,0,2,2,0,20
12/04/2019,9,1,E3,0,0,0,0,0,0,20
12/04/2019,9,2,CR1.12,0,0,0,3,3,1,20
12/04/2019,9,3,CR2.1,0,0,0,1,1,0,20
12/04/2019,9,4,CR1.17,0,0,0,2,2,0,20
12/04/2019,9,5,TR2.14,0,0,0,1,1,0,20
12/04/2019,9,6,CR1.11,0,0,0,6,6,1,20
12/04/2019,9,7,TR2.13,0,0,0,4,4,0,20
12/04/2019,9,8,TR2.2,0,0,0,1,1,0,20
12/04/2019,9,9,CR1.16,0,0,0,1,1,0,20
12/04/2019,9,10,TR1.5,0,0,0,2,2,0,20
12/04/2019,9,11,TR1.9,0,0,0,2,2,1,20
12/04/2019,9,12,TR2.9,0,0,0,1,1,0,20
12/04/2019,9,13,CR1.9,0,0,0,1,1,0,20
12/04/2019,9,14,TR1.11,0,0,0,6,6,0,20
12/04/2019,9,15,TR1.10,0,0,0,2,2,0,20
12/04/2019,9,16,CR2.2,0,0,0,1,1,0,20
12/04/2019,9,18,TR1.16,0,0,0,1,1,0,20
12/04/2019,9,19,TR1.15,1,0,0,0,0,2,20
12/04/2019,9,20,CR1.10,0,0,0,2,2,0,20
12/04/2019,9,21,CR1.15,0,0,0,0,0,0,20
12/04/2019,9,22,TR2.12,0,0,0,0,0,0,20
12/04/2019,9,23,CR2.14,0,0,0,9,9,0,20
12/04/2019,9,24,CR2.9,0,0,0,4,4,0,20
12/04/2019,9,25,CR2.11,0,0,0,7,7,0,20
12/04/2019,9,26,TR1.19,0,0,0,1,1,0,20
12/04/2019,9,27,CR1.8,0,0,0,0,0,0,20
12/04/2019,9,28,CR1.2,0,0,0,0,0,0,20
12/04/2019,9,29,CR1.7,1,0,0,0,0,1,20
12/04/2019,9,30,CR2.12,0,0,0,4,4,0,20
12/04/2019,9,31,CR2.5,1,0,0,0,0,1,20
12/04/2019,9,32,TR1.4,0,0,0,0,0,0,20
12/04/2019,9,33,CR1.4,0,0,0,3,3,0,20
12/04/2019,9,34,TR1.8,0,0,0,1,1,0,20
12/04/2019,9,35,TR1.7,0,0,0,0,0,0,20
12/04/2019,9,36,CR2x.4,0,0,0,1,1,0,20
12/04/2019,9,37,CR1x.18,0,0,0,0,0,0,20
12/04/2019,9,38,TR2.4,0,0,0,2,2,0,20
12/04/2019,9,39,TR1.3,1,0,0,1,1,1,20
12/04/2019,9,40,CR1.13,0,0,0,2,2,0,20
12/04/2019,9,41,TR2.5,0,0,0,0,0,0,20
12/04/2019,9,42,TR1.2,0,0,0,0,0,0,20
12/04/2019,9,43,TR1.13,0,0,0,0,0,0,20
12/04/2019,9,44,TR1.6,0,0,0,2,2,0,20
12/04/2019,9,45,CR2.3,0,0,0,3,3,0,20
12/04/2019,9,46,TR2.11,0,0,0,2,2,0,20
12/04/2019,9,47,TR2.8,0,0,0,0,0,0,20
12/04/2019,9,48,CR1.6,0,0,0,0,0,0,20
12/04/2019,9,49,CR2.8,0,0,0,2,2,0,20
12/04/2019,9,50,CR2.6,0,0,0,1,1,0,20
12/04/2019,9,52,CR1.1,0,0,0,2,2,0,20
12/04/2019,9,53,CR1.3,0,0,0,0,0,0,20
12/04/2019,9,55,CR1.19,1,0,0,5,5,1,20
12/04/2019,9,56,TR1.14,0,0,0,3,3,0,20
12/04/2019,9,57,CR1.14,0,0,0,3,3,0,20
12/04/2019,9,58,CR2.13,0,0,0,1,1,0,20
12/04/2019,9,59,CR1.5,0,0,0,2,2,0,20
12/04/2019,9,60,TR2.1,0,0,0,0,0,0,20
12/04/2019,9,61,TR1.18,0,0,0,2,2,0,20
12/04/2019,9,62,E5,0,0,0,0,0,0,20
12/04/2019,9,63,CR2.15,0,0,0,9,9,0,20
12/04/2019,9,64,CR2.10,0,0,0,7,7,0,20
12/04/2019,9,65,CR1.20,1,0,0,5,5,0,20
12/04/2019,9,66,TR2.3,0,0,0,3,3,0,20
12/04/2019,9,67,TR1.1,0,0,0,1,1,0,20
12/04/2019,9,68,CR2.7,0,0,0,0,0,0,20
12/04/2019,9,69,TR2.15,0,0,0,1,1,0,20
12/04/2019,9,70,TR2.10,0,0,0,0,0,0,20
12/04/2019,9,71,TR2.7,1,0,0,1,1,1,20
12/04/2019,9,72,TR2.6,0,0,0,0,0,0,20
12/04/2019,9,73,TR1.17,0,0,0,3,3,0,20
12/04/2019,9,74,TR1.20,0,0,0,1,1,0,20
12/04/2019,9,75,TR1.12,0,0,0,1,1,0,20
14/04/2019,10,1,E3,0,0,0,5,5,0,20
14/04/2019,10,2,CR1.12,0,0,0,3,3,0,20
14/04/2019,10,3,CR2.1,1,1,0,3,4,1,20
14/04/2019,10,4,CR1.17,0,0,0,5,5,0,20
14/04/2019,10,5,TR2.14,1,1,0,3,4,0,20
14/04/2019,10,6,CR1.11,0,0,0,2,2,0,20
14/04/2019,10,7,TR2.13,0,0,0,2,2,0,20
14/04/2019,10,8,TR2.2,0,0,0,2,2,0,20
14/04/2019,10,9,CR1.16,0,0,0,0,0,0,20
14/04/2019,10,10,TR1.5,0,0,0,3,3,0,20
14/04/2019,10,11,TR1.9,0,0,0,1,1,0,20
14/04/2019,10,12,TR2.9,0,0,0,5,5,0,20
14/04/2019,10,13,CR1.9,0,0,0,0,0,0,20
14/04/2019,10,14,TR1.11,0,0,0,2,2,0,20
14/04/2019,10,15,TR1.10,0,0,0,1,1,0,20
14/04/2019,10,16,CR2.2,0,0,0,0,0,0,20
14/04/2019,10,18,TR1.16,0,0,0,0,0,0,20
14/04/2019,10,19,TR1.15,0,0,0,3,3,0,20
14/04/2019,10,20,CR1.10,0,0,0,3,3,0,20
14/04/2019,10,21,CR1.15,0,0,0,1,1,0,20
14/04/2019,10,22,TR2.12,1,1,0,3,4,0,20
14/04/2019,10,23,CR2.14,0,0,0,12,12,1,20
14/04/2019,10,24,CR2.9,1,1,0,2,3,2,20
14/04/2019,10,25,CR2.11,0,0,0,4,4,0,20
14/04/2019,10,26,TR1.19,0,1,0,3,4,0,20
14/04/2019,10,27,CR1.8,0,0,0,0,0,0,20
14/04/2019,10,28,CR1.2,0,0,0,3,3,0,20
14/04/2019,10,29,CR1.7,0,0,0,0,0,0,20
14/04/2019,10,30,CR2.12,0,0,0,0,0,0,20
14/04/2019,10,31,CR2.5,0,0,0,5,5,0,20
14/04/2019,10,32,TR1.4,0,0,0,0,0,0,20
14/04/2019,10,33,CR1.4,0,0,0,1,1,0,20
14/04/2019,10,34,TR1.8,0,0,0,2,2,0,20
14/04/2019,10,35,TR1.7,0,0,0,0,0,2,20
14/04/2019,10,36,CR2x.4,0,0,0,5,5,0,20
14/04/2019,10,37,CR1x.18,0,0,0,0,0,0,20
14/04/2019,10,38,TR2.4,0,0,0,1,1,0,20
14/04/2019,10,39,TR1.3,0,0,0,0,0,0,20
14/04/2019,10,40,CR1.13,0,0,0,7,7,0,20
14/04/2019,10,41,TR2.5,0,0,0,0,0,1,20
14/04/2019,10,42,TR1.2,0,0,0,0,0,0,20
14/04/2019,10,43,TR1.13,0,0,0,0,0,0,20
14/04/2019,10,44,TR1.6,0,0,0,0,0,0,20
14/04/2019,10,45,CR2.3,0,1,0,0,1,0,20
14/04/2019,10,46,TR2.11,0,0,0,0,0,0,20
14/04/2019,10,47,TR2.8,0,0,0,1,1,0,20
14/04/2019,10,48,CR1.6,0,0,0,0,0,0,20
14/04/2019,10,49,CR2.8,0,0,0,5,5,0,20
14/04/2019,10,50,CR2.6,2,2,0,3,5,0,20
14/04/2019,10,52,CR1.1,0,0,0,3,3,0,20
14/04/2019,10,53,CR1.3,0,0,0,0,0,0,20
14/04/2019,10,55,CR1.19,0,1,0,4,5,1,20
14/04/2019,10,56,TR1.14,0,1,0,0,1,0,20
14/04/2019,10,57,CR1.14,0,0,0,1,1,0,20
14/04/2019,10,58,CR2.13,0,0,0,1,1,0,20
14/04/2019,10,59,CR1.5,0,0,0,1,1,0,20
14/04/2019,10,60,TR2.1,0,0,0,0,0,0,20
14/04/2019,10,61,TR1.18,0,0,0,1,1,0,20
14/04/2019,10,62,E5,0,0,0,0,0,0,20
14/04/2019,10,63,CR2.15,0,0,0,5,5,0,20
14/04/2019,10,64,CR2.10,0,0,0,2,2,0,20
14/04/2019,10,65,CR1.20,0,0,0,8,8,0,20
14/04/2019,10,66,TR2.3,0,0,0,0,0,0,20
14/04/2019,10,67,TR1.1,0,0,0,1,1,0,20
14/04/2019,10,68,CR2.7,0,0,0,2,2,0,20
14/04/2019,10,69,TR2.15,0,0,0,4,4,1,20
14/04/2019,10,70,TR2.10,0,0,0,8,8,1,20
14/04/2019,10,71,TR2.7,0,0,0,3,3,0,20
14/04/2019,10,72,TR2.6,0,0,0,4,4,0,20
14/04/2019,10,73,TR1.17,0,0,0,9,9,0,20
14/04/2019,10,74,TR1.20,0,0,0,9,9,0,20
14/04/2019,10,75,TR1.12,0,0,0,8,8,0,20
18/04/2019,11,1,E3,0,0,0,1,1,0,20
18/04/2019,11,2,CR1.12,0,0,0,2,2,0,20
18/04/2019,11,3,CR2.1,1,1,0,4,5,0,20
18/04/2019,11,4,CR1.17,0,0,0,4,4,0,20
18/04/2019,11,5,TR2.14,2,2,0,3,5,0,20
18/04/2019,11,6,CR1.11,0,0,0,1,1,0,20
18/04/2019,11,7,TR2.13,0,0,0,1,1,0,20
18/04/2019,11,8,TR2.2,0,0,0,3,3,0,20
18/04/2019,11,9,CR1.16,0,0,0,5,5,0,20
18/04/2019,11,10,TR1.5,0,0,0,2,2,0,20
18/04/2019,11,11,TR1.9,0,0,0,2,2,0,20
18/04/2019,11,12,TR2.9,3,3,0,6,9,0,20
18/04/2019,11,13,CR1.9,0,0,0,3,3,0,20
18/04/2019,11,14,TR1.11,0,0,0,1,1,0,20
18/04/2019,11,15,TR1.10,1,1,0,0,1,0,20
18/04/2019,11,16,CR2.2,0,0,0,0,0,0,20
18/04/2019,11,18,TR1.16,0,0,0,0,0,0,20
18/04/2019,11,19,TR1.15,2,1,0,0,1,1,20
18/04/2019,11,20,CR1.10,0,0,0,8,8,0,20
18/04/2019,11,21,CR1.15,0,0,0,1,1,0,20
18/04/2019,11,22,TR2.12,1,1,0,2,3,0,20
18/04/2019,11,23,CR2.14,0,0,0,7,7,0,20
18/04/2019,11,24,CR2.9,1,1,0,3,4,0,20
18/04/2019,11,25,CR2.11,0,0,0,0,0,1,20
18/04/2019,11,26,TR1.19,0,1,0,5,6,0,20
18/04/2019,11,27,CR1.8,0,1,0,3,4,0,20
18/04/2019,11,28,CR1.2,0,3,0,14,17,0,20
18/04/2019,11,29,CR1.7,1,0,0,0,0,1,20
18/04/2019,11,30,CR2.12,0,0,0,13,13,0,20
18/04/2019,11,31,CR2.5,0,1,0,6,7,0,20
18/04/2019,11,32,TR1.4,0,0,0,5,5,0,20
18/04/2019,11,33,CR1.4,0,1,0,2,3,0,20
18/04/2019,11,34,TR1.8,0,0,0,6,6,0,20
18/04/2019,11,35,TR1.7,0,0,0,2,2,1,20
18/04/2019,11,36,CR2x.4,0,0,0,7,7,0,20
18/04/2019,11,37,CR1x.18,0,0,0,1,1,0,20
18/04/2019,11,38,TR2.4,1,1,0,0,1,0,20
18/04/2019,11,39,TR1.3,0,0,0,0,0,0,20
18/04/2019,11,40,CR1.13,0,0,0,8,8,0,20
18/04/2019,11,41,TR2.5,0,0,0,2,2,0,20
18/04/2019,11,42,TR1.2,0,0,0,3,3,0,20
18/04/2019,11,43,TR1.13,0,0,0,3,3,0,20
18/04/2019,11,44,TR1.6,0,0,0,0,0,0,20
18/04/2019,11,45,CR2.3,0,0,0,3,3,0,20
18/04/2019,11,46,TR2.11,0,1,0,4,5,0,20
18/04/2019,11,47,TR2.8,0,1,0,1,2,0,20
18/04/2019,11,48,CR1.6,0,0,0,4,4,0,20
18/04/2019,11,49,CR2.8,0,1,0,1,2,0,20
18/04/2019,11,50,CR2.6,0,1,0,12,13,0,20
18/04/2019,11,52,CR1.1,0,0,0,3,3,1,20
18/04/2019,11,53,CR1.3,0,1,0,4,5,0,20
18/04/2019,11,55,CR1.19,0,0,0,3,3,0,20
18/04/2019,11,56,TR1.14,0,1,0,4,5,0,20
18/04/2019,11,57,CR1.14,0,0,0,0,0,0,20
18/04/2019,11,58,CR2.13,0,0,0,5,5,0,20
18/04/2019,11,59,CR1.5,0,0,0,7,7,0,20
18/04/2019,11,60,TR2.1,0,0,0,0,0,0,20
18/04/2019,11,61,TR1.18,0,0,0,0,0,0,20
18/04/2019,11,62,E5,0,0,0,70,70,0,20
18/04/2019,11,63,CR2.15,0,0,0,4,4,0,20
18/04/2019,11,64,CR2.10,0,0,0,0,0,2,20
18/04/2019,11,65,CR1.20,0,2,0,9,11,0,20
18/04/2019,11,66,TR2.3,0,0,0,2,2,0,20
18/04/2019,11,67,TR1.1,2,0,0,3,3,2,20
18/04/2019,11,68,CR2.7,0,0,0,0,0,4,20
18/04/2019,11,69,TR2.15,0,0,0,5,5,0,20
18/04/2019,11,70,TR2.10,0,0,0,4,4,1,20
18/04/2019,11,71,TR2.7,0,0,0,7,7,0,20
18/04/2019,11,72,TR2.6,0,0,0,7,7,0,20
18/04/2019,11,73,TR1.17,0,0,0,5,5,0,20
18/04/2019,11,74,TR1.20,0,0,0,13,13,0,20
18/04/2019,11,75,TR1.12,0,1,0,6,7,0,20
20/04/2019,12,1,E3,0,0,0,4,4,0,20
20/04/2019,12,2,CR1.12,0,0,0,1,1,0,20
20/04/2019,12,3,CR2.1,0,0,0,1,1,0,20
20/04/2019,12,4,CR1.17,0,0,0,7,7,0,20
20/04/2019,12,5,TR2.14,0,0,0,4,4,0,20
20/04/2019,12,6,CR1.11,0,0,0,0,0,0,20
20/04/2019,12,7,TR2.13,0,0,0,0,0,0,20
20/04/2019,12,8,TR2.2,0,0,0,6,6,0,20
20/04/2019,12,9,CR1.16,0,0,0,1,1,0,20
20/04/2019,12,10,TR1.5,5,0,0,1,1,0,20
20/04/2019,12,11,TR1.9,0,0,0,5,5,0,20
20/04/2019,12,12,TR2.9,0,0,0,5,5,0,20
20/04/2019,12,13,CR1.9,0,0,0,2,2,0,20
20/04/2019,12,14,TR1.11,0,0,0,0,0,0,20
20/04/2019,12,15,TR1.10,0,0,0,0,0,0,20
20/04/2019,12,16,CR2.2,0,0,0,0,0,0,20
20/04/2019,12,18,TR1.16,0,0,0,1,1,0,20
20/04/2019,12,19,TR1.15,0,0,0,3,3,1,20
20/04/2019,12,20,CR1.10,0,0,0,5,5,0,20
20/04/2019,12,21,CR1.15,0,0,0,2,2,0,20
20/04/2019,12,22,TR2.12,0,0,0,5,5,1,20
20/04/2019,12,23,CR2.14,0,0,0,6,6,0,20
20/04/2019,12,24,CR2.9,1,0,0,0,0,0,20
20/04/2019,12,25,CR2.11,0,0,0,7,7,0,20
20/04/2019,12,26,TR1.19,0,0,0,13,13,0,20
20/04/2019,12,27,CR1.8,0,0,0,9,9,0,20
20/04/2019,12,28,CR1.2,0,0,0,0,0,0,20
20/04/2019,12,29,CR1.7,0,0,0,0,0,0,20
20/04/2019,12,30,CR2.12,0,0,0,0,0,0,20
20/04/2019,12,31,CR2.5,0,0,0,2,2,0,20
20/04/2019,12,32,TR1.4,0,0,0,7,7,0,20
20/04/2019,12,33,CR1.4,0,0,0,1,1,0,20
20/04/2019,12,34,TR1.8,0,0,0,4,4,0,20
20/04/2019,12,35,TR1.7,0,0,0,2,2,0,20
20/04/2019,12,36,CR2x.4,0,0,0,5,5,1,20
20/04/2019,12,37,CR1x.18,1,0,0,0,0,0,20
20/04/2019,12,38,TR2.4,0,0,0,0,0,0,20
20/04/2019,12,39,TR1.3,0,0,0,0,0,0,20
20/04/2019,12,40,CR1.13,0,0,0,0,0,0,20
20/04/2019,12,41,TR2.5,0,0,0,0,0,0,20
20/04/2019,12,42,TR1.2,0,0,0,0,0,0,20
20/04/2019,12,43,TR1.13,0,0,0,3,3,1,20
20/04/2019,12,45,CR2.3,0,0,0,7,7,0,20
20/04/2019,12,46,TR2.11,0,0,0,1,1,0,20
20/04/2019,12,47,TR2.8,0,0,0,6,6,0,20
20/04/2019,12,48,CR1.6,0,0,0,2,2,0,20
20/04/2019,12,49,CR2.8,0,0,0,0,0,0,20
20/04/2019,12,50,CR2.6,0,0,0,0,0,0,20
20/04/2019,12,52,CR1.1,0,0,0,0,0,0,20
20/04/2019,12,53,CR1.3,0,0,0,0,0,0,20
20/04/2019,12,55,CR1.19,0,0,0,0,0,0,20
20/04/2019,12,56,TR1.14,0,0,0,0,0,0,20
20/04/2019,12,58,CR2.13,0,0,0,6,6,0,20
20/04/2019,12,59,CR1.5,0,0,0,1,1,0,20
20/04/2019,12,60,TR2.1,0,0,0,0,0,0,20
20/04/2019,12,61,TR1.18,0,0,0,3,3,0,20
20/04/2019,12,62,E5,0,0,0,7,7,0,20
20/04/2019,12,63,CR2.15,0,0,0,3,3,0,20
20/04/2019,12,64,CR2.10,0,0,0,7,7,0,20
20/04/2019,12,65,CR1.20,0,0,0,5,5,0,20
20/04/2019,12,66,TR2.3,0,0,0,10,10,0,20
20/04/2019,12,67,TR1.1,1,0,0,0,0,1,20
20/04/2019,12,68,CR2.7,0,0,0,8,8,0,20
20/04/2019,12,69,TR2.15,0,0,0,6,6,0,20
20/04/2019,12,70,TR2.10,0,0,0,0,0,0,20
20/04/2019,12,71,TR2.7,0,0,0,1,1,0,20
20/04/2019,12,72,TR2.6,0,0,0,13,13,0,20
20/04/2019,12,73,TR1.17,1,0,0,3,3,0,20
20/04/2019,12,74,TR1.20,0,0,0,6,6,0,20
20/04/2019,12,75,TR1.12,1,0,0,4,4,0,20
22/04/2019,13,1,E3,0,0,0,1,1,0,20
20/04/2019,13,2,CR1.12,0,0,0,0,0,1,20
20/04/2019,13,3,CR2.1,0,0,0,2,2,0,20
20/04/2019,13,4,CR1.17,0,0,0,5,5,0,20
20/04/2019,13,5,TR2.14,0,0,0,4,4,0,20
20/04/2019,13,6,CR1.11,0,0,0,0,0,0,20
20/04/2019,13,7,TR2.13,0,0,0,0,0,0,20
20/04/2019,13,8,TR2.2,0,0,0,6,6,0,20
20/04/2019,13,9,CR1.16,0,0,0,3,3,0,20
20/04/2019,13,10,TR1.5,0,0,0,2,2,0,20
20/04/2019,13,11,TR1.9,0,0,0,2,2,0,20
20/04/2019,13,12,TR2.9,0,0,0,9,9,0,20
20/04/2019,13,13,CR1.9,0,0,0,1,1,0,20
20/04/2019,13,14,TR1.11,0,0,0,0,0,0,20
20/04/2019,13,15,TR1.10,0,0,0,0,0,0,20
20/04/2019,13,16,CR2.2,0,0,0,1,1,0,20
20/04/2019,13,18,TR1.16,0,0,0,2,2,2,20
20/04/2019,13,19,TR1.15,0,0,0,1,1,2,20
20/04/2019,13,20,CR1.10,0,0,0,2,2,0,20
20/04/2019,13,21,CR1.15,0,0,0,1,1,0,20
20/04/2019,13,22,TR2.12,0,0,0,3,3,1,20
20/04/2019,13,23,CR2.14,0,1,0,2,3,0,20
20/04/2019,13,24,CR2.9,0,0,0,0,0,1,20
20/04/2019,13,25,CR2.11,0,0,0,1,1,0,20
20/04/2019,13,26,TR1.19,0,0,0,2,2,0,20
20/04/2019,13,27,CR1.8,0,0,0,7,7,1,20
20/04/2019,13,28,CR1.2,0,0,0,5,5,1,20
20/04/2019,13,29,CR1.7,0,0,0,0,0,0,20
20/04/2019,13,30,CR2.12,0,0,0,7,7,0,20
20/04/2019,13,31,CR2.5,0,0,0,3,3,0,20
20/04/2019,13,32,TR1.4,0,0,0,2,2,0,20
20/04/2019,13,33,CR1.4,0,0,0,2,2,0,20
20/04/2019,13,34,TR1.8,0,0,0,3,3,0,20
20/04/2019,13,35,TR1.7,0,0,0,2,2,1,20
20/04/2019,13,36,CR2x.4,0,1,0,2,3,1,20
20/04/2019,13,37,CR1x.18,0,0,0,7,7,0,20
20/04/2019,13,38,TR2.4,0,0,0,7,7,0,20
20/04/2019,13,39,TR1.3,0,0,0,0,0,1,20
20/04/2019,13,40,CR1.13,0,0,0,2,2,0,20
20/04/2019,13,41,TR2.5,0,0,0,9,9,0,20
20/04/2019,13,42,TR1.2,0,0,0,1,1,0,20
20/04/2019,13,43,TR1.13,0,0,0,1,1,0,20
20/04/2019,13,45,CR2.3,0,0,0,3,3,0,20
20/04/2019,13,46,TR2.11,0,1,0,2,3,0,20
20/04/2019,13,47,TR2.8,3,2,0,0,2,0,20
20/04/2019,13,48,CR1.6,0,1,0,5,6,0,20
20/04/2019,13,49,CR2.8,0,0,0,4,4,0,20
20/04/2019,13,50,CR2.6,0,0,0,9,9,0,20
20/04/2019,13,52,CR1.1,0,0,0,1,1,0,20
20/04/2019,13,53,CR1.3,0,0,0,10,10,0,20
20/04/2019,13,55,CR1.19,0,1,0,2,3,0,20
20/04/2019,13,56,TR1.14,0,0,0,4,4,0,20
20/04/2019,13,58,CR2.13,0,0,0,4,4,0,20
20/04/2019,13,59,CR1.5,0,0,0,4,4,0,20
20/04/2019,13,60,TR2.1,0,1,0,0,1,0,20
20/04/2019,13,61,TR1.18,0,0,0,11,11,0,20
20/04/2019,13,62,E5,0,0,0,1,1,0,20
20/04/2019,13,63,CR2.15,0,0,0,2,2,0,20
20/04/2019,13,64,CR2.10,0,0,0,3,3,0,20
20/04/2019,13,65,CR1.20,0,1,0,2,3,0,20
20/04/2019,13,66,TR2.3,0,0,0,2,2,0,20
20/04/2019,13,67,TR1.1,0,0,0,3,3,0,20
20/04/2019,13,68,CR2.7,0,0,0,7,7,0,20
20/04/2019,13,69,TR2.15,0,0,0,4,4,0,20
20/04/2019,13,70,TR2.10,0,0,0,8,8,0,20
20/04/2019,13,71,TR2.7,0,0,0,6,6,0,20
20/04/2019,13,72,TR2.6,0,0,0,5,5,0,20
20/04/2019,13,73,TR1.17,0,1,0,6,7,0,20
20/04/2019,13,74,TR1.20,0,0,0,9,9,0,20
20/04/2019,13,75,TR1.12,0,0,0,2,2,0,20
26/04/2019,14,1,E3,0,1,0,6,7,1,20
26/04/2019,14,2,CR1.12,0,0,0,5,5,0,20
26/04/2019,14,3,CR2.1,0,0,0,1,1,0,20
26/04/2019,14,4,CR1.17,0,0,0,4,4,0,20
26/04/2019,14,5,TR2.14,0,0,0,3,3,1,20
26/04/2019,14,6,CR1.11,0,1,0,4,5,0,20
26/04/2019,14,7,TR2.13,0,0,0,1,1,1,20
26/04/2019,14,8,TR2.2,0,0,0,2,2,0,20
26/04/2019,14,9,CR1.16,0,0,0,6,6,0,20
26/04/2019,14,10,TR1.5,0,0,0,2,2,0,20
26/04/2019,14,11,TR1.9,0,0,0,4,4,0,20
26/04/2019,14,12,TR2.9,0,1,0,6,7,0,20
26/04/2019,14,13,CR1.9,0,1,0,3,4,0,20
26/04/2019,14,14,TR1.11,0,0,0,0,0,0,20
26/04/2019,14,15,TR1.10,0,1,0,5,6,0,20
26/04/2019,14,16,CR2.2,0,0,0,2,2,0,20
26/04/2019,14,18,TR1.16,1,0,0,0,0,1,20
26/04/2019,14,19,TR1.15,0,0,0,3,3,0,20
26/04/2019,14,20,CR1.10,0,0,0,0,0,0,20
26/04/2019,14,21,CR1.15,0,0,0,5,5,0,20
26/04/2019,14,22,TR2.12,0,0,0,6,6,0,20
26/04/2019,14,23,CR2.14,0,0,0,3,3,0,20
26/04/2019,14,24,CR2.9,0,1,0,2,3,1,20
26/04/2019,14,25,CR2.11,0,0,0,3,3,0,20
26/04/2019,14,26,TR1.19,0,0,0,2,2,0,20
26/04/2019,14,27,CR1.8,0,0,0,1,1,0,20
26/04/2019,14,28,CR1.2,0,0,0,2,2,0,20
26/04/2019,14,29,CR1.7,0,0,0,0,0,1,20
26/04/2019,14,30,CR2.12,0,0,0,11,11,0,20
26/04/2019,14,31,CR2.5,0,0,0,2,2,0,20
26/04/2019,14,32,TR1.4,0,0,0,3,3,0,20
26/04/2019,14,33,CR1.4,0,0,0,3,3,0,20
26/04/2019,14,34,TR1.8,0,0,0,2,2,0,20
26/04/2019,14,35,TR1.7,0,0,0,2,2,1,20
26/04/2019,14,36,CR2x.4,0,1,0,7,8,0,20
26/04/2019,14,37,CR1x.18,0,0,0,6,6,0,20
26/04/2019,14,38,TR2.4,0,0,0,1,1,0,20
26/04/2019,14,39,TR1.3,0,0,0,1,1,0,20
26/04/2019,14,40,CR1.13,0,0,0,0,0,0,20
26/04/2019,14,41,TR2.5,0,0,0,5,5,1,20
26/04/2019,14,42,TR1.2,0,0,0,0,0,0,20
26/04/2019,14,43,TR1.13,0,1,0,1,2,0,20
26/04/2019,14,45,CR2.3,0,0,0,9,9,0,20
26/04/2019,14,46,TR2.11,0,0,0,5,5,1,20
26/04/2019,14,47,TR2.8,0,0,0,4,4,1,20
26/04/2019,14,48,CR1.6,0,0,0,5,5,1,20
26/04/2019,14,49,CR2.8,0,1,0,7,8,0,20
26/04/2019,14,50,CR2.6,0,0,0,9,9,0,20
26/04/2019,14,52,CR1.1,0,0,0,3,3,0,20
26/04/2019,14,53,CR1.3,0,0,0,2,2,0,20
26/04/2019,14,55,CR1.19,0,2,0,1,3,0,20
26/04/2019,14,56,TR1.14,0,1,0,4,5,0,20
26/04/2019,14,58,CR2.13,0,0,0,5,5,0,20
26/04/2019,14,59,CR1.5,0,0,0,1,1,1,20
26/04/2019,14,60,TR2.1,0,0,0,0,0,0,20
26/04/2019,14,61,TR1.18,0,1,0,4,5,0,20
26/04/2019,14,62,E5,0,0,0,2,2,0,20
26/04/2019,14,63,CR2.15,0,0,0,1,1,0,20
26/04/2019,14,64,CR2.10,0,0,0,0,0,0,20
26/04/2019,14,65,CR1.20,0,1,0,2,3,0,20
26/04/2019,14,66,TR2.3,0,0,0,8,8,0,20
26/04/2019,14,67,TR1.1,0,0,1,0,1,0,20
26/04/2019,14,68,CR2.7,0,0,0,6,6,0,20
26/04/2019,14,69,TR2.15,0,0,0,10,10,0,20
26/04/2019,14,70,TR2.10,0,0,0,2,2,0,20
26/04/2019,14,71,TR2.7,0,0,0,0,0,0,20
26/04/2019,14,72,TR2.6,0,1,0,3,4,0,20
26/04/2019,14,73,TR1.17,0,0,0,3,3,0,20
26/04/2019,14,74,TR1.20,0,0,0,7,7,0,20
26/04/2019,14,75,TR1.12,0,0,0,7,7,0,20
28/04/2019,15,1,E3,3,0,0,6,6,0,20
28/04/2019,15,2,CR1.12,0,0,0,1,1,0,20
28/04/2019,15,3,CR2.1,0,0,0,3,3,0,20
28/04/2019,15,4,CR1.17,0,0,0,2,2,0,20
28/04/2019,15,5,TR2.14,0,0,0,10,10,0,20
28/04/2019,15,6,CR1.11,0,0,0,3,3,0,20
28/04/2019,15,7,TR2.13,0,0,0,0,0,0,20
28/04/2019,15,8,TR2.2,0,0,0,0,0,0,20
28/04/2019,15,9,CR1.16,3,0,0,2,2,1,20
28/04/2019,15,10,TR1.5,0,0,0,2,2,0,20
28/04/2019,15,11,TR1.9,0,0,0,5,5,0,20
28/04/2019,15,12,TR2.9,0,0,0,2,2,0,20
28/04/2019,15,13,CR1.9,0,0,0,2,2,0,20
28/04/2019,15,14,TR1.11,0,0,0,1,1,0,20
28/04/2019,15,15,TR1.10,0,0,0,1,1,0,20
28/04/2019,15,16,CR2.2,0,0,0,6,6,0,20
28/04/2019,15,18,TR1.16,0,0,0,2,2,0,20
28/04/2019,15,19,TR1.15,0,0,0,2,2,0,20
28/04/2019,15,20,CR1.10,0,0,0,3,3,0,20
28/04/2019,15,21,CR1.15,0,0,0,7,7,0,20
28/04/2019,15,22,TR2.12,0,0,0,3,3,0,20
28/04/2019,15,23,CR2.14,2,0,0,0,0,0,20
28/04/2019,15,24,CR2.9,0,0,0,1,1,0,20
28/04/2019,15,25,CR2.11,0,0,0,1,1,0,20
28/04/2019,15,26,TR1.19,0,0,0,2,2,0,20
28/04/2019,15,27,CR1.8,0,0,0,0,0,0,20
28/04/2019,15,28,CR1.2,0,0,0,0,0,0,20
28/04/2019,15,29,CR1.7,0,0,0,3,3,0,20
28/04/2019,15,30,CR2.12,0,0,0,7,7,0,20
28/04/2019,15,31,CR2.5,0,0,0,0,0,0,20
28/04/2019,15,32,TR1.4,0,0,0,1,1,0,20
28/04/2019,15,33,CR1.4,0,0,0,8,8,0,20
28/04/2019,15,34,TR1.8,0,0,0,3,3,0,20
28/04/2019,15,35,TR1.7,0,0,0,0,0,1,20
28/04/2019,15,36,CR2x.4,0,0,0,2,2,0,20
28/04/2019,15,37,CR1x.18,0,0,0,8,8,0,20
28/04/2019,15,38,TR2.4,0,0,0,4,4,0,20
28/04/2019,15,39,TR1.3,0,0,0,3,3,0,20
28/04/2019,15,40,CR1.13,0,0,0,0,0,0,20
28/04/2019,15,41,TR2.5,0,0,0,4,4,0,20
28/04/2019,15,42,TR1.2,0,0,0,3,3,0,20
28/04/2019,15,43,TR1.13,0,0,0,2,2,0,20
28/04/2019,15,45,CR2.3,0,0,0,2,2,0,20
28/04/2019,15,46,TR2.11,0,0,0,5,5,0,20
28/04/2019,15,47,TR2.8,0,0,0,5,5,0,20
28/04/2019,15,48,CR1.6,0,0,0,4,4,0,20
28/04/2019,15,49,CR2.8,3,0,0,3,3,0,20
28/04/2019,15,50,CR2.6,5,0,0,0,0,1,20
28/04/2019,15,52,CR1.1,0,0,0,9,9,1,20
28/04/2019,15,53,CR1.3,0,0,0,2,2,1,20
28/04/2019,15,55,CR1.19,0,0,0,2,2,0,20
28/04/2019,15,56,TR1.14,0,0,0,0,0,0,20
28/04/2019,15,58,CR2.13,0,0,0,0,0,0,20
28/04/2019,15,59,CR1.5,4,0,0,0,0,0,20
28/04/2019,15,60,TR2.1,0,0,0,0,0,0,20
28/04/2019,15,61,TR1.18,0,0,0,0,0,0,20
28/04/2019,15,62,E5,0,0,0,0,0,0,20
28/04/2019,15,63,CR2.15,2,0,0,3,3,0,20
28/04/2019,15,64,CR2.10,0,0,0,0,0,0,20
28/04/2019,15,65,CR1.20,0,0,0,2,2,1,20
28/04/2019,15,66,TR2.3,0,0,0,3,3,1,20
28/04/2019,15,67,TR1.1,0,0,0,3,3,0,20
28/04/2019,15,68,CR2.7,0,0,0,3,3,0,20
28/04/2019,15,69,TR2.15,0,0,0,10,10,0,20
28/04/2019,15,70,TR2.10,0,0,0,8,8,0,20
28/04/2019,15,71,TR2.7,0,0,0,2,2,0,20
28/04/2019,15,72,TR2.6,0,0,0,6,6,0,20
28/04/2019,15,73,TR1.17,0,0,0,4,4,0,20
28/04/2019,15,74,TR1.20,0,0,0,4,4,0,20
28/04/2019,15,75,TR1.12,0,0,0,3,3,0,20
30/04/2019,16,1,E3,0,3,0,1,4,0,20
30/04/2019,16,2,CR1.12,0,0,0,2,2,0,20
30/04/2019,16,3,CR2.1,0,0,0,6,6,0,20
30/04/2019,16,4,CR1.17,0,0,0,3,3,0,20
30/04/2019,16,5,TR2.14,0,0,0,1,1,0,20
30/04/2019,16,6,CR1.11,0,0,0,1,1,0,20
30/04/2019,16,7,TR2.13,2,0,2,1,3,0,20
30/04/2019,16,8,TR2.2,0,0,0,0,0,0,20
30/04/2019,16,9,CR1.16,0,0,0,0,0,0,20
30/04/2019,16,10,TR1.5,0,0,0,2,2,0,20
30/04/2019,16,11,TR1.9,0,0,0,6,6,0,20
30/04/2019,16,12,TR2.9,0,0,0,1,1,0,20
30/04/2019,16,13,CR1.9,0,0,0,0,0,0,20
30/04/2019,16,14,TR1.11,0,0,0,2,2,0,20
30/04/2019,16,15,TR1.10,1,1,0,0,1,0,20
30/04/2019,16,16,CR2.2,0,0,0,0,0,0,20
30/04/2019,16,18,TR1.16,0,0,0,3,3,0,20
30/04/2019,16,19,TR1.15,2,2,0,0,2,1,20
30/04/2019,16,20,CR1.10,0,0,0,1,1,0,20
30/04/2019,16,21,CR1.15,0,0,0,4,4,0,20
30/04/2019,16,22,TR2.12,0,0,0,4,4,0,20
30/04/2019,16,23,CR2.14,0,0,0,6,6,0,20
30/04/2019,16,24,CR2.9,0,0,0,1,1,0,20
30/04/2019,16,25,CR2.11,0,0,0,2,2,0,20
30/04/2019,16,26,TR1.19,1,1,0,0,1,0,20
30/04/2019,16,27,CR1.8,0,1,0,1,2,0,20
30/04/2019,16,28,CR1.2,0,0,0,2,2,0,20
30/04/2019,16,29,CR1.7,0,0,0,2,2,0,20
30/04/2019,16,30,CR2.12,0,0,0,3,3,0,20
30/04/2019,16,31,CR2.5,0,0,0,1,1,1,20
30/04/2019,16,32,TR1.4,0,0,0,1,1,1,20
30/04/2019,16,33,CR1.4,0,0,0,3,3,0,20
30/04/2019,16,34,TR1.8,0,0,0,2,2,0,20
30/04/2019,16,35,TR1.7,0,0,0,0,0,0,20
30/04/2019,16,36,CR2x.4,0,0,0,2,2,0,20
30/04/2019,16,37,CR1x.18,0,2,0,2,4,0,20
30/04/2019,16,38,TR2.4,0,0,0,4,4,0,20
30/04/2019,16,39,TR1.3,0,0,0,4,4,0,20
30/04/2019,16,40,CR1.13,0,0,0,2,2,0,20
30/04/2019,16,41,TR2.5,0,0,0,2,2,0,20
30/04/2019,16,42,TR1.2,0,0,0,0,0,0,20
30/04/2019,16,43,TR1.13,0,0,0,0,0,0,20
30/04/2019,16,45,CR2.3,0,0,0,1,1,0,20
30/04/2019,16,46,TR2.11,0,0,0,2,2,0,20
30/04/2019,16,47,TR2.8,0,0,0,1,1,0,20
30/04/2019,16,48,CR1.6,1,1,0,0,1,0,20
30/04/2019,16,49,CR2.8,0,0,0,2,2,0,20
30/04/2019,16,50,CR2.6,0,0,0,7,7,0,20
30/04/2019,16,52,CR1.1,0,0,0,5,5,0,20
30/04/2019,16,53,CR1.3,0,0,0,0,0,0,20
30/04/2019,16,55,CR1.19,1,1,0,0,1,0,20
30/04/2019,16,56,TR1.14,0,0,0,0,0,0,20
30/04/2019,16,58,CR2.13,1,1,0,0,1,0,20
30/04/2019,16,59,CR1.5,0,0,0,4,4,0,20
30/04/2019,16,60,TR2.1,1,0,1,2,3,0,20
30/04/2019,16,61,TR1.18,2,2,0,2,4,0,20
30/04/2019,16,62,E5,0,0,0,1,1,0,20
30/04/2019,16,63,CR2.15,0,0,0,3,3,0,20
30/04/2019,16,64,CR2.10,0,0,0,10,10,0,20
30/04/2019,16,65,CR1.20,5,5,0,2,7,0,20
30/04/2019,16,66,TR2.3,0,0,0,6,6,0,20
30/04/2019,16,67,TR1.1,0,0,0,2,2,0,20
30/04/2019,16,68,CR2.7,0,0,0,2,2,0,20
30/04/2019,16,69,TR2.15,1,1,0,9,10,0,20
30/04/2019,16,70,TR2.10,0,0,0,2,2,0,20
30/04/2019,16,71,TR2.7,0,0,0,2,2,0,20
30/04/2019,16,72,TR2.6,0,0,0,1,1,0,20
30/04/2019,16,73,TR1.17,0,0,0,5,5,0,20
30/04/2019,16,74,TR1.20,0,0,0,3,3,0,20
30/04/2019,16,75,TR1.12,0,0,0,0,0,0,20
04/05/2019,17,1,E3,0,1,0,0,1,0,20
04/05/2019,17,2,CR1.12,0,0,0,1,1,0,20
04/05/2019,17,3,CR2.1,0,0,0,0,0,1,20
04/05/2019,17,4,CR1.17,0,0,0,1,1,0,20
04/05/2019,17,5,TR2.14,0,0,0,0,0,0,20
04/05/2019,17,6,CR1.11,0,0,0,2,2,0,20
04/05/2019,17,8,TR2.2,0,0,0,5,5,0,20
04/05/2019,17,9,CR1.16,0,0,0,2,2,0,20
04/05/2019,17,10,TR1.5,0,0,0,0,0,0,20
04/05/2019,17,11,TR1.9,0,0,0,2,2,0,20
04/05/2019,17,12,TR2.9,0,0,0,0,0,0,20
04/05/2019,17,13,CR1.9,0,0,0,0,0,0,20
04/05/2019,17,14,TR1.11,0,0,0,2,2,0,20
04/05/2019,17,15,TR1.10,0,0,0,1,1,0,20
04/05/2019,17,16,CR2.2,0,0,0,0,0,2,20
04/05/2019,17,18,TR1.16,0,0,0,1,1,0,20
04/05/2019,17,19,TR1.15,1,0,1,0,1,1,20
04/05/2019,17,20,CR1.10,0,0,0,3,3,0,20
04/05/2019,17,21,CR1.15,0,0,0,5,5,0,20
04/05/2019,17,22,TR2.12,0,0,0,0,0,0,20
04/05/2019,17,23,CR2.14,0,0,0,2,2,0,20
04/05/2019,17,24,CR2.9,0,0,0,2,2,0,20
04/05/2019,17,25,CR2.11,0,0,0,4,4,0,20
04/05/2019,17,26,TR1.19,0,0,0,2,2,1,20
04/05/2019,17,27,CR1.8,0,0,0,1,1,0,20
04/05/2019,17,28,CR1.2,0,0,0,5,5,0,20
04/05/2019,17,29,CR1.7,0,0,0,0,0,0,20
04/05/2019,17,30,CR2.12,0,0,0,2,2,0,20
04/05/2019,17,31,CR2.5,0,0,0,3,3,0,20
04/05/2019,17,32,TR1.4,0,0,0,0,0,0,20
04/05/2019,17,33,CR1.4,0,0,0,4,4,0,20
04/05/2019,17,34,TR1.8,0,0,0,0,0,0,20
04/05/2019,17,35,TR1.7,1,0,0,0,0,1,20
04/05/2019,17,36,CR2x.4,1,1,0,0,1,0,20
04/05/2019,17,37,CR1x.18,0,0,0,1,1,0,20
04/05/2019,17,38,TR2.4,0,0,0,4,4,0,20
04/05/2019,17,39,TR1.3,0,0,0,3,3,0,20
04/05/2019,17,40,CR1.13,0,0,0,8,8,0,20
04/05/2019,17,41,TR2.5,0,0,0,1,1,0,20
04/05/2019,17,42,TR1.2,0,0,0,2,2,0,20
04/05/2019,17,43,TR1.13,0,0,0,0,0,0,20
04/05/2019,17,45,CR2.3,0,0,0,2,2,0,20
04/05/2019,17,46,TR2.11,0,0,0,0,0,0,20
04/05/2019,17,47,TR2.8,0,0,0,0,0,0,20
04/05/2019,17,48,CR1.6,0,1,0,2,3,0,20
04/05/2019,17,49,CR2.8,0,1,0,4,5,0,20
04/05/2019,17,50,CR2.6,0,0,0,8,8,0,20
04/05/2019,17,52,CR1.1,0,0,0,6,6,0,20
04/05/2019,17,53,CR1.3,0,0,0,7,7,0,20
04/05/2019,17,55,CR1.19,0,0,0,2,2,0,20
04/05/2019,17,56,TR1.14,0,0,0,5,5,0,20
04/05/2019,17,58,CR2.13,0,0,0,2,2,0,20
04/05/2019,17,59,CR1.5,0,0,0,0,0,0,20
04/05/2019,17,60,TR2.1,0,0,0,0,0,0,20
04/05/2019,17,61,TR1.18,0,0,0,0,0,0,20
04/05/2019,17,62,E5,0,0,0,0,0,0,20
04/05/2019,17,63,CR2.15,0,0,0,0,0,0,20
04/05/2019,17,64,CR2.10,0,0,0,5,5,0,20
04/05/2019,17,65,CR1.20,0,0,0,5,5,0,20
04/05/2019,17,66,TR2.3,0,0,1,2,3,0,20
04/05/2019,17,67,TR1.1,0,0,0,2,2,0,20
04/05/2019,17,68,CR2.7,0,0,0,11,11,0,20
04/05/2019,17,69,TR2.15,0,0,0,2,2,1,20
04/05/2019,17,70,TR2.10,0,0,0,7,7,0,20
04/05/2019,17,71,TR2.7,0,0,2,2,4,0,20
04/05/2019,17,72,TR2.6,1,1,0,0,1,0,20
04/05/2019,17,73,TR1.17,0,0,0,1,1,0,20
04/05/2019,17,74,TR1.20,0,0,0,0,0,0,20
04/05/2019,17,75,TR1.12,0,0,0,1,1,0,20
06/05/2019,18,1,E3,0,0,0,0,0,0,20
06/05/2019,18,2,CR1.12,0,0,0,0,0,0,20
06/05/2019,18,3,CR2.1,0,0,0,0,0,0,20
06/05/2019,18,4,CR1.17,2,0,0,0,0,1,20
06/05/2019,18,5,TR2.14,0,0,0,0,0,1,20
06/05/2019,18,6,CR1.11,0,0,0,2,2,0,20
06/05/2019,18,8,TR2.2,0,0,0,1,1,0,20
06/05/2019,18,9,CR1.16,0,0,0,1,1,0,20
06/05/2019,18,10,TR1.5,0,0,0,1,1,0,20
06/05/2019,18,11,TR1.9,0,0,0,0,0,0,20
06/05/2019,18,12,TR2.9,0,0,0,0,0,0,20
06/05/2019,18,13,CR1.9,0,0,0,1,1,0,20
06/05/2019,18,14,TR1.11,0,0,0,0,0,0,20
06/05/2019,18,15,TR1.10,0,0,0,0,0,0,20
06/05/2019,18,16,CR2.2,0,0,0,2,2,2,20
06/05/2019,18,18,TR1.16,0,0,0,0,0,0,20
06/05/2019,18,19,TR1.15,0,0,0,1,1,0,20
06/05/2019,18,20,CR1.10,0,0,0,0,0,1,20
06/05/2019,18,21,CR1.15,0,0,0,2,2,0,20
06/05/2019,18,22,TR2.12,0,0,0,3,3,0,20
06/05/2019,18,23,CR2.14,0,0,0,3,3,0,20
06/05/2019,18,24,CR2.9,0,0,0,2,2,0,20
06/05/2019,18,25,CR2.11,0,0,0,0,0,0,20
06/05/2019,18,26,TR1.19,0,0,0,3,3,0,20
06/05/2019,18,27,CR1.8,0,0,0,5,5,0,20
06/05/2019,18,28,CR1.2,0,0,0,3,3,0,20
06/05/2019,18,29,CR1.7,0,0,0,0,0,0,20
06/05/2019,18,30,CR2.12,0,0,0,10,10,0,20
06/05/2019,18,31,CR2.5,0,0,0,1,1,1,20
06/05/2019,18,32,TR1.4,0,0,0,0,0,0,20
06/05/2019,18,33,CR1.4,0,0,0,1,1,0,20
06/05/2019,18,34,TR1.8,1,0,0,0,0,1,20
06/05/2019,18,35,TR1.7,0,0,0,0,0,1,20
06/05/2019,18,36,CR2x.4,0,0,0,0,0,1,20
06/05/2019,18,37,CR1x.18,0,0,0,2,2,0,20
06/05/2019,18,38,TR2.4,0,0,0,2,2,0,20
06/05/2019,18,39,TR1.3,0,0,0,0,0,0,20
06/05/2019,18,40,CR1.13,0,0,0,5,5,0,20
06/05/2019,18,41,TR2.5,0,0,0,6,6,0,20
06/05/2019,18,42,TR1.2,0,0,0,5,5,0,20
06/05/2019,18,43,TR1.13,0,0,0,0,0,0,20
06/05/2019,18,45,CR2.3,0,0,0,1,1,0,20
06/05/2019,18,46,TR2.11,0,0,0,3,3,0,20
06/05/2019,18,47,TR2.8,0,0,0,1,1,0,20
06/05/2019,18,48,CR1.6,0,0,0,2,2,0,20
06/05/2019,18,49,CR2.8,0,0,0,7,7,0,20
06/05/2019,18,50,CR2.6,0,0,0,10,10,0,20
06/05/2019,18,52,CR1.1,0,0,0,5,5,0,20
06/05/2019,18,53,CR1.3,0,0,0,4,4,0,20
06/05/2019,18,55,CR1.19,0,0,0,3,3,0,20
06/05/2019,18,56,TR1.14,0,0,0,6,6,0,20
06/05/2019,18,58,CR2.13,0,0,0,1,1,0,20
06/05/2019,18,59,CR1.5,0,0,0,0,0,0,20
06/05/2019,18,60,TR2.1,0,0,0,0,0,0,20
06/05/2019,18,61,TR1.18,1,0,0,0,0,0,20
06/05/2019,18,62,E5,0,0,0,0,0,0,20
06/05/2019,18,63,CR2.15,0,0,0,6,6,0,20
06/05/2019,18,64,CR2.10,0,0,0,2,2,0,20
06/05/2019,18,65,CR1.20,1,0,0,0,0,0,20
06/05/2019,18,66,TR2.3,0,0,0,2,2,0,20
06/05/2019,18,67,TR1.1,2,0,0,0,0,0,20
06/05/2019,18,68,CR2.7,0,0,0,14,14,0,20
06/05/2019,18,70,TR2.10,0,0,0,1,1,0,20
06/05/2019,18,71,TR2.7,0,0,0,2,2,1,20
06/05/2019,18,72,TR2.6,0,0,0,0,0,0,20
06/05/2019,18,73,TR1.17,0,0,0,3,3,0,20
06/05/2019,18,74,TR1.20,0,0,0,0,0,0,20
06/05/2019,18,75,TR1.12,1,0,0,0,0,0,20
08/05/2019,19,1,E3,0,0,0,0,0,0,20
08/05/2019,19,2,CR1.12,1,1,0,4,5,0,20
08/05/2019,19,3,CR2.1,0,0,0,6,6,0,20
08/05/2019,19,4,CR1.17,0,0,0,3,3,0,20
08/05/2019,19,5,TR2.14,0,0,0,0,0,0,20
08/05/2019,19,6,CR1.11,0,0,0,1,1,0,20
08/05/2019,19,8,TR2.2,0,0,0,0,0,0,20
08/05/2019,19,9,CR1.16,0,0,0,5,5,0,20
08/05/2019,19,10,TR1.5,0,0,0,5,5,0,20
08/05/2019,19,11,TR1.9,0,0,0,3,3,1,20
08/05/2019,19,12,TR2.9,1,1,0,0,1,0,20
08/05/2019,19,13,CR1.9,0,0,0,2,2,0,20
08/05/2019,19,14,TR1.11,0,0,0,1,1,0,20
08/05/2019,19,15,TR1.10,0,0,0,0,0,1,20
08/05/2019,19,16,CR2.2,1,0,0,2,2,1,20
08/05/2019,19,20,CR1.10,0,0,0,0,0,0,20
08/05/2019,19,21,CR1.15,0,0,0,3,3,0,20
08/05/2019,19,22,TR2.12,1,1,0,3,4,0,20
08/05/2019,19,23,CR2.14,0,0,0,2,2,0,20
08/05/2019,19,24,CR2.9,2,2,0,0,2,0,20
08/05/2019,19,25,CR2.11,1,2,0,0,2,0,20
08/05/2019,19,26,TR1.19,0,0,0,3,3,1,20
08/05/2019,19,27,CR1.8,0,0,0,3,3,1,20
08/05/2019,19,28,CR1.2,0,0,0,16,16,0,20
08/05/2019,19,29,CR1.7,0,0,0,0,0,0,20
08/05/2019,19,30,CR2.12,0,0,0,4,4,0,20
08/05/2019,19,31,CR2.5,1,0,0,0,0,1,20
08/05/2019,19,32,TR1.4,0,0,0,0,0,0,20
08/05/2019,19,33,CR1.4,0,0,0,2,2,0,20
08/05/2019,19,34,TR1.8,1,0,0,0,0,1,20
08/05/2019,19,36,CR2x.4,0,1,0,2,3,0,20
08/05/2019,19,37,CR1x.18,0,0,0,6,6,0,20
08/05/2019,19,38,TR2.4,0,0,0,0,0,0,20
08/05/2019,19,40,CR1.13,0,0,0,1,1,0,20
08/05/2019,19,41,TR2.5,1,0,0,0,0,1,20
08/05/2019,19,43,TR1.13,0,0,0,0,0,0,20
08/05/2019,19,45,CR2.3,0,0,1,0,1,0,20
08/05/2019,19,46,TR2.11,0,0,0,4,4,0,20
08/05/2019,19,47,TR2.8,0,0,0,1,1,0,20
08/05/2019,19,48,CR1.6,0,0,0,2,2,0,20
08/05/2019,19,49,CR2.8,0,0,0,8,8,0,20
08/05/2019,19,50,CR2.6,0,0,0,4,4,0,20
08/05/2019,19,52,CR1.1,0,1,0,1,2,0,20
08/05/2019,19,53,CR1.3,0,0,0,4,4,0,20
08/05/2019,19,55,CR1.19,0,0,0,2,2,0,20
08/05/2019,19,56,TR1.14,0,0,0,4,4,0,20
08/05/2019,19,58,CR2.13,0,0,0,10,10,0,20
08/05/2019,19,59,CR1.5,0,1,0,5,6,0,20
08/05/2019,19,60,TR2.1,0,0,0,2,2,0,20
08/05/2019,19,61,TR1.18,0,0,0,2,2,0,20
08/05/2019,19,62,E5,0,0,0,0,0,0,20
08/05/2019,19,63,CR2.15,0,1,0,5,6,0,20
08/05/2019,19,64,CR2.10,0,0,0,2,2,0,20
08/05/2019,19,65,CR1.20,0,0,0,5,5,0,20
08/05/2019,19,66,TR2.3,0,0,1,0,1,0,20
08/05/2019,19,68,CR2.7,0,0,0,9,9,0,20
08/05/2019,19,70,TR2.10,0,0,0,0,0,1,20
08/05/2019,19,71,TR2.7,0,0,0,0,0,0,20
08/05/2019,19,72,TR2.6,0,0,0,1,1,0,20
08/05/2019,19,73,TR1.17,0,0,0,2,2,0,20
08/05/2019,19,74,TR1.20,0,0,0,2,2,0,20
12/05/2019,20,1,E3,0,0,0,1,1,0,20
12/05/2019,20,2,CR1.12,0,0,0,3,3,0,20
12/05/2019,20,3,CR2.1,0,0,0,0,0,0,20
12/05/2019,20,4,CR1.17,0,0,0,0,0,0,20
12/05/2019,20,5,TR2.14,0,0,0,1,1,0,20
12/05/2019,20,6,CR1.11,0,1,0,2,3,0,20
12/05/2019,20,8,TR2.2,0,0,0,0,0,0,20
12/05/2019,20,9,CR1.16,0,0,0,1,1,1,20
12/05/2019,20,10,TR1.5,0,0,0,0,0,0,20
12/05/2019,20,11,TR1.9,0,0,0,0,0,0,20
12/05/2019,20,12,TR2.9,0,0,0,0,0,0,20
12/05/2019,20,13,CR1.9,0,0,0,2,2,0,20
12/05/2019,20,14,TR1.11,0,0,0,1,1,0,20
12/05/2019,20,15,TR1.10,0,0,0,4,4,0,20
12/05/2019,20,20,CR1.10,0,0,0,2,2,0,20
12/05/2019,20,21,CR1.15,0,0,0,2,2,0,20
12/05/2019,20,22,TR2.12,2,0,1,0,1,2,20
12/05/2019,20,23,CR2.14,0,0,0,3,3,1,20
12/05/2019,20,24,CR2.9,0,0,0,0,0,1,20
12/05/2019,20,25,CR2.11,0,0,0,4,4,0,20
12/05/2019,20,26,TR1.19,0,0,0,0,0,0,20
12/05/2019,20,27,CR1.8,0,0,0,6,6,0,20
12/05/2019,20,28,CR1.2,0,0,0,1,1,0,20
12/05/2019,20,29,CR1.7,0,0,0,0,0,1,20
12/05/2019,20,30,CR2.12,1,0,0,0,0,1,20
12/05/2019,20,31,CR2.5,0,0,0,0,0,0,20
12/05/2019,20,32,TR1.4,0,0,0,0,0,0,20
12/05/2019,20,33,CR1.4,0,0,0,6,6,0,20
12/05/2019,20,34,TR1.8,0,0,0,3,3,0,20
12/05/2019,20,36,CR2x.4,0,0,0,2,2,0,20
12/05/2019,20,37,CR1x.18,0,0,0,5,5,0,20
12/05/2019,20,38,TR2.4,3,1,1,0,2,1,20
12/05/2019,20,40,CR1.13,0,0,0,2,2,0,20
12/05/2019,20,41,TR2.5,0,0,0,0,0,0,20
12/05/2019,20,43,TR1.13,2,0,2,0,2,0,20
12/05/2019,20,45,CR2.3,0,0,0,0,0,0,20
12/05/2019,20,46,TR2.11,0,0,0,4,4,0,20
12/05/2019,20,47,TR2.8,0,0,1,0,1,0,20
12/05/2019,20,48,CR1.6,0,0,0,0,0,0,20
12/05/2019,20,49,CR2.8,0,0,0,8,8,0,20
12/05/2019,20,50,CR2.6,0,0,0,2,2,0,20
12/05/2019,20,52,CR1.1,0,0,0,0,0,1,20
12/05/2019,20,53,CR1.3,0,0,0,2,2,0,20
12/05/2019,20,55,CR1.19,0,0,0,4,4,0,20
12/05/2019,20,56,TR1.14,1,0,0,0,0,1,20
12/05/2019,20,58,CR2.13,0,0,0,8,8,0,20
12/05/2019,20,59,CR1.5,0,0,0,1,1,0,20
12/05/2019,20,60,TR2.1,1,0,1,0,1,0,20
12/05/2019,20,61,TR1.18,0,0,0,2,2,1,20
12/05/2019,20,62,E5,0,0,0,0,0,0,20
12/05/2019,20,63,CR2.15,0,0,0,0,0,1,20
12/05/2019,20,64,CR2.10,0,0,0,0,0,0,20
12/05/2019,20,65,CR1.20,0,0,0,5,5,0,20
12/05/2019,20,68,CR2.7,0,0,0,6,6,0,20
12/05/2019,20,70,TR2.10,0,0,0,1,1,0,20
12/05/2019,20,71,TR2.7,0,0,0,3,3,0,20
12/05/2019,20,72,TR2.6,0,0,0,0,0,0,20
12/05/2019,20,73,TR1.17,0,0,1,0,1,0,20
12/05/2019,20,74,TR1.20,1,0,1,2,3,0,20
14/05/2019,21,1,E3,0,0,0,1,1,0,20
14/05/2019,21,2,CR1.12,1,0,0,0,0,3,20
14/05/2019,21,3,CR2.1,0,0,0,8,8,0,20
14/05/2019,21,4,CR1.17,0,0,0,0,0,0,20
14/05/2019,21,5,TR2.14,0,0,0,2,2,0,20
14/05/2019,21,6,CR1.11,0,0,0,1,1,0,20
14/05/2019,21,8,TR2.2,0,0,0,2,2,1,20
14/05/2019,21,9,CR1.16,0,0,0,0,0,0,20
14/05/2019,21,10,TR1.5,0,0,0,0,0,0,20
14/05/2019,21,11,TR1.9,3,0,0,0,0,1,20
14/05/2019,21,12,TR2.9,0,0,0,0,0,0,20
14/05/2019,21,13,CR1.9,0,0,0,2,2,0,20
14/05/2019,21,14,TR1.11,0,0,0,5,5,0,20
14/05/2019,21,15,TR1.10,0,0,0,0,0,0,20
14/05/2019,21,20,CR1.10,0,0,0,6,6,0,20
14/05/2019,21,21,CR1.15,0,0,0,4,4,0,20
14/05/2019,21,22,TR2.12,0,0,0,0,0,1,20
14/05/2019,21,23,CR2.14,0,0,0,0,0,0,20
14/05/2019,21,24,CR2.9,0,0,0,3,3,0,20
14/05/2019,21,25,CR2.11,0,0,0,1,1,0,20
14/05/2019,21,26,TR1.19,1,0,0,1,1,0,20
14/05/2019,21,27,CR1.8,0,0,0,1,1,0,20
14/05/2019,21,28,CR1.2,0,0,0,1,1,0,20
14/05/2019,21,29,CR1.7,0,0,0,0,0,0,20
14/05/2019,21,30,CR2.12,0,0,0,0,0,0,20
14/05/2019,21,31,CR2.5,0,0,0,1,1,0,20
14/05/2019,21,32,TR1.4,0,0,0,0,0,0,20
14/05/2019,21,33,CR1.4,0,0,0,4,4,0,20
14/05/2019,21,34,TR1.8,0,0,0,2,2,0,20
14/05/2019,21,36,CR2x.4,0,0,0,1,1,0,20
14/05/2019,21,37,CR1x.18,0,0,0,5,5,0,20
14/05/2019,21,38,TR2.4,0,0,0,2,2,0,20
14/05/2019,21,40,CR1.13,5,0,0,0,0,3,20
14/05/2019,21,41,TR2.5,0,0,0,0,0,0,20
14/05/2019,21,43,TR1.13,0,0,0,0,0,0,20
14/05/2019,21,45,CR2.3,0,0,0,0,0,0,20
14/05/2019,21,46,TR2.11,0,0,0,1,1,0,20
14/05/2019,21,47,TR2.8,0,0,0,3,3,0,20
14/05/2019,21,48,CR1.6,0,0,0,8,8,0,20
14/05/2019,21,49,CR2.8,0,0,0,0,0,0,20
14/05/2019,21,50,CR2.6,3,0,0,0,0,0,20
14/05/2019,21,52,CR1.1,0,0,0,0,0,0,20
14/05/2019,21,53,CR1.3,0,0,0,3,3,0,20
14/05/2019,21,55,CR1.19,1,0,0,0,0,0,20
14/05/2019,21,56,TR1.14,0,0,0,0,0,0,20
14/05/2019,21,58,CR2.13,0,0,0,4,4,0,20
14/05/2019,21,59,CR1.5,0,0,0,6,6,0,20
14/05/2019,21,60,TR2.1,0,0,0,0,0,0,20
14/05/2019,21,61,TR1.18,0,0,0,0,0,0,20
14/05/2019,21,62,E5,0,0,0,1,1,0,20
14/05/2019,21,63,CR2.15,0,0,0,0,0,0,20
14/05/2019,21,64,CR2.10,0,0,0,5,5,0,20
14/05/2019,21,65,CR1.20,0,0,0,2,2,0,20
14/05/2019,21,68,CR2.7,0,0,0,9,9,0,20
14/05/2019,21,70,TR2.10,0,0,0,0,0,0,20
14/05/2019,21,71,TR2.7,0,0,0,2,2,0,20
14/05/2019,21,72,TR2.6,1,0,0,0,0,0,20
14/05/2019,21,73,TR1.17,0,0,0,0,0,0,20
14/05/2019,21,74,TR1.20,0,0,0,0,0,0,20
16/05/2020,22,1,E3,0,0,0,1,1,1,20
16/05/2020,22,2,CR1.12,0,0,0,2,2,0,20
16/05/2020,22,3,CR2.1,0,0,0,2,2,0,20
16/05/2020,22,4,CR1.17,0,0,0,0,0,0,20
16/05/2020,22,5,TR2.14,0,0,0,3,3,0,20
16/05/2020,22,6,CR1.11,0,0,0,0,0,0,20
16/05/2020,22,8,TR2.2,0,0,0,0,0,0,20
16/05/2020,22,9,CR1.16,0,0,0,1,1,0,20
16/05/2020,22,10,TR1.5,0,0,0,0,0,0,20
16/05/2020,22,11,TR1.9,0,0,0,0,0,0,20
16/05/2020,22,12,TR2.9,0,0,0,0,0,0,20
16/05/2020,22,13,CR1.9,0,0,0,1,1,0,20
16/05/2020,22,14,TR1.11,0,0,0,1,1,1,20
16/05/2020,22,15,TR1.10,0,0,0,0,0,0,20
16/05/2020,22,20,CR1.10,0,0,0,3,3,0,20
16/05/2020,22,21,CR1.15,0,0,0,0,0,0,20
16/05/2020,22,22,TR2.12,1,0,0,0,0,1,20
16/05/2020,22,23,CR2.14,0,0,0,1,1,0,20
16/05/2020,22,24,CR2.9,0,0,0,2,2,0,20
16/05/2020,22,25,CR2.11,0,0,0,1,1,0,20
16/05/2020,22,26,TR1.19,0,0,1,7,8,0,20
16/05/2020,22,27,CR1.8,0,0,0,1,1,0,20
16/05/2020,22,28,CR1.2,0,0,0,6,6,0,20
16/05/2020,22,29,CR1.7,0,0,0,4,4,0,20
16/05/2020,22,30,CR2.12,0,0,0,1,1,0,20
16/05/2020,22,31,CR2.5,0,0,0,2,2,0,20
16/05/2020,22,32,TR1.4,0,0,0,1,1,0,20
16/05/2020,22,33,CR1.4,0,0,0,0,0,0,20
16/05/2020,22,34,TR1.8,2,1,2,0,3,0,20
16/05/2020,22,36,CR2x.4,0,0,0,0,0,0,20
16/05/2020,22,37,CR1x.18,0,0,0,5,5,0,20
16/05/2020,22,38,TR2.4,0,0,0,0,0,0,20
16/05/2020,22,40,CR1.13,1,0,0,0,0,1,20
16/05/2020,22,41,TR2.5,0,0,0,1,1,0,20
16/05/2020,22,43,TR1.13,0,0,0,0,0,0,20
16/05/2020,22,45,CR2.3,0,0,0,0,0,0,20
16/05/2020,22,46,TR2.11,1,0,0,0,0,1,20
16/05/2020,22,47,TR2.8,0,0,0,0,0,0,20
16/05/2020,22,48,CR1.6,0,0,0,4,4,1,20
16/05/2020,22,49,CR2.8,0,0,0,0,0,0,20
16/05/2020,22,50,CR2.6,0,0,0,0,0,0,20
16/05/2020,22,52,CR1.1,0,0,0,0,0,0,20
16/05/2020,22,53,CR1.3,0,0,0,6,6,0,20
16/05/2020,22,55,CR1.19,0,0,0,2,2,0,20
16/05/2020,22,56,TR1.14,0,0,0,0,0,0,20
16/05/2020,22,58,CR2.13,0,0,0,1,1,0,20
16/05/2020,22,59,CR1.5,0,0,0,5,5,0,20
16/05/2020,22,60,TR2.1,1,0,1,0,1,0,20
16/05/2020,22,61,TR1.18,0,0,0,1,1,0,20
16/05/2020,22,62,E5,0,0,0,0,0,0,20
16/05/2020,22,63,CR2.15,0,0,0,5,5,0,20
16/05/2020,22,64,CR2.10,0,0,0,0,0,0,20
16/05/2020,22,65,CR1.20,0,0,0,0,0,0,20
16/05/2020,22,68,CR2.7,0,0,0,9,9,0,20
16/05/2020,22,70,TR2.10,0,0,0,1,1,0,20
16/05/2020,22,71,TR2.7,0,0,0,1,1,0,20
16/05/2020,22,72,TR2.6,1,0,0,1,1,0,20
16/05/2020,22,73,TR1.17,2,0,0,0,0,1,20
16/05/2020,22,74,TR1.20,0,0,1,0,1,1,20
20/05/2020,23,1,E3,1,1,0,0,1,2,20
20/05/2020,23,2,CR1.12,0,0,0,2,2,0,20
20/05/2020,23,3,CR2.1,0,0,0,0,0,1,20
20/05/2020,23,4,CR1.17,0,0,0,1,1,0,20
20/05/2020,23,5,TR2.14,0,0,0,0,0,0,20
20/05/2020,23,6,CR1.11,0,0,0,0,0,0,20
20/05/2020,23,8,TR2.2,0,0,0,0,0,0,20
20/05/2020,23,9,CR1.16,0,0,0,0,0,0,20
20/05/2020,23,10,TR1.5,0,0,0,0,0,0,20
20/05/2020,23,11,TR1.9,0,0,0,0,0,0,20
20/05/2020,23,12,TR2.9,5,0,4,1,5,0,20
20/05/2020,23,13,CR1.9,0,0,0,0,0,0,20
20/05/2020,23,14,TR1.11,0,0,0,0,0,0,20
20/05/2020,23,15,TR1.10,0,0,0,1,1,0,20
20/05/2020,23,20,CR1.10,0,0,0,0,0,0,20
20/05/2020,23,21,CR1.15,0,0,0,1,1,0,20
20/05/2020,23,22,TR2.12,2,0,0,0,0,2,20
20/05/2020,23,23,CR2.14,0,0,0,0,0,0,20
20/05/2020,23,24,CR2.9,0,0,0,3,3,0,20
20/05/2020,23,25,CR2.11,0,0,0,5,5,0,20
20/05/2020,23,26,TR1.19,0,0,0,3,3,0,20
20/05/2020,23,27,CR1.8,0,0,0,1,1,0,20
20/05/2020,23,28,CR1.2,0,0,0,2,2,0,20
20/05/2020,23,29,CR1.7,2,0,0,0,0,1,20
20/05/2020,23,30,CR2.12,0,0,0,4,4,0,20
20/05/2020,23,31,CR2.5,0,0,0,1,1,0,20
20/05/2020,23,32,TR1.4,0,0,0,1,1,0,20
20/05/2020,23,33,CR1.4,0,0,0,1,1,0,20
20/05/2020,23,34,TR1.8,0,0,0,0,0,0,20
20/05/2020,23,36,CR2x.4,0,0,0,0,0,1,20
20/05/2020,23,37,CR1x.18,0,0,0,2,2,0,20
20/05/2020,23,38,TR2.4,0,0,0,3,3,0,20
20/05/2020,23,40,CR1.13,0,0,0,5,5,1,20
20/05/2020,23,41,TR2.5,0,0,1,0,1,0,20
20/05/2020,23,43,TR1.13,0,0,0,2,2,1,20
20/05/2020,23,45,CR2.3,0,0,0,1,1,0,20
20/05/2020,23,46,TR2.11,1,0,0,4,4,0,20
20/05/2020,23,47,TR2.8,0,0,0,0,0,1,20
20/05/2020,23,48,CR1.6,0,0,0,1,1,0,20
20/05/2020,23,49,CR2.8,0,0,0,8,8,0,20
20/05/2020,23,50,CR2.6,0,0,0,1,1,0,20
20/05/2020,23,52,CR1.1,0,0,0,3,3,0,20
20/05/2020,23,53,CR1.3,0,0,0,1,1,1,20
20/05/2020,23,55,CR1.19,0,0,0,4,4,1,20
20/05/2020,23,56,TR1.14,0,0,0,0,0,0,20
20/05/2020,23,58,CR2.13,0,0,0,3,3,0,20
20/05/2020,23,59,CR1.5,0,0,0,1,1,0,20
20/05/2020,23,60,TR2.1,0,0,0,1,1,0,20
20/05/2020,23,61,TR1.18,0,0,0,1,1,1,20
20/05/2020,23,62,E5,0,0,0,0,0,0,20
20/05/2020,23,63,CR2.15,0,0,0,0,0,0,20
20/05/2020,23,64,CR2.10,0,0,0,2,2,0,20
20/05/2020,23,65,CR1.20,0,0,0,1,1,0,20
20/05/2020,23,68,CR2.7,1,1,0,4,5,0,20
20/05/2020,23,70,TR2.10,0,0,0,5,5,0,20
20/05/2020,23,71,TR2.7,0,0,0,0,0,0,20
20/05/2020,23,72,TR2.6,1,1,0,0,1,0,20
20/05/2020,23,73,TR1.17,0,0,0,0,0,0,20
20/05/2020,23,74,TR1.20,6,0,1,0,1,7,20
22/05/2020,24,1,E3,1,0,0,0,0,1,20
22/05/2020,24,2,CR1.12,0,0,0,0,0,0,20
22/05/2020,24,3,CR2.1,0,0,0,7,7,0,20
22/05/2020,24,4,CR1.17,0,0,0,0,0,0,20
22/05/2020,24,5,TR2.14,0,0,0,0,0,0,20
22/05/2020,24,6,CR1.11,3,0,0,0,0,1,20
22/05/2020,24,8,TR2.2,0,0,0,0,0,0,20
22/05/2020,24,9,CR1.16,0,0,0,1,1,0,20
22/05/2020,24,10,TR1.5,0,0,0,3,3,0,20
22/05/2020,24,11,TR1.9,0,0,0,0,0,0,20
22/05/2020,24,12,TR2.9,0,0,0,1,1,1,20
22/05/2020,24,13,CR1.9,0,0,0,0,0,0,20
22/05/2020,24,14,TR1.11,0,0,0,5,5,1,20
22/05/2020,24,15,TR1.10,0,0,0,0,0,0,20
22/05/2020,24,20,CR1.10,0,0,0,2,2,0,20
22/05/2020,24,21,CR1.15,0,0,0,5,5,0,20
22/05/2020,24,22,TR2.12,0,0,0,8,8,0,20
22/05/2020,24,23,CR2.14,0,0,0,2,2,0,20
22/05/2020,24,24,CR2.9,0,0,0,1,1,1,20
22/05/2020,24,25,CR2.11,2,0,0,10,10,0,20
22/05/2020,24,26,TR1.19,0,0,0,2,2,0,20
22/05/2020,24,27,CR1.8,0,0,0,0,0,0,20
22/05/2020,24,28,CR1.2,2,0,0,0,0,0,20
22/05/2020,24,29,CR1.7,0,0,0,4,4,0,20
22/05/2020,24,30,CR2.12,0,0,0,1,1,0,20
22/05/2020,24,31,CR2.5,0,0,0,0,0,0,20
22/05/2020,24,32,TR1.4,0,0,0,1,1,1,20
22/05/2020,24,33,CR1.4,0,0,0,1,1,0,20
22/05/2020,24,36,CR2x.4,0,0,0,0,0,0,20
22/05/2020,24,37,CR1x.18,0,0,0,0,0,0,20
22/05/2020,24,38,TR2.4,0,0,0,2,2,0,20
22/05/2020,24,40,CR1.13,0,0,0,3,3,2,20
22/05/2020,24,41,TR2.5,0,0,0,5,5,0,20
22/05/2020,24,43,TR1.13,0,0,0,0,0,0,20
22/05/2020,24,45,CR2.3,0,0,0,0,0,0,20
22/05/2020,24,46,TR2.11,0,0,0,1,1,0,20
22/05/2020,24,47,TR2.8,1,0,0,0,0,1,20
22/05/2020,24,48,CR1.6,0,0,0,4,4,1,20
22/05/2020,24,49,CR2.8,0,0,0,5,5,0,20
22/05/2020,24,50,CR2.6,0,0,0,0,0,0,20
22/05/2020,24,52,CR1.1,0,0,0,0,0,0,20
22/05/2020,24,53,CR1.3,0,0,0,0,0,0,20
22/05/2020,24,55,CR1.19,0,0,0,6,6,0,20
22/05/2020,24,56,TR1.14,0,0,0,0,0,0,20
22/05/2020,24,58,CR2.13,2,0,0,2,2,1,20
22/05/2020,24,59,CR1.5,2,0,0,0,0,0,20
22/05/2020,24,60,TR2.1,2,0,0,2,2,0,20
22/05/2020,24,61,TR1.18,1,0,0,0,0,0,20
22/05/2020,24,62,E5,0,0,0,0,0,0,20
22/05/2020,24,63,CR2.15,0,0,0,3,3,0,20
22/05/2020,24,64,CR2.10,0,0,0,3,3,0,20
22/05/2020,24,65,CR1.20,0,0,0,3,3,0,20
22/05/2020,24,68,CR2.7,0,0,0,6,6,0,20
22/05/2020,24,70,TR2.10,0,0,0,0,0,0,20
22/05/2020,24,71,TR2.7,0,0,0,0,0,0,20
22/05/2020,24,72,TR2.6,0,0,0,0,0,0,20
22/05/2020,24,73,TR1.17,0,0,0,0,0,1,20
22/05/2020,24,74,TR1.20,0,0,0,0,0,0,20
24/05/2020,25,1,E3,1,0,1,0,1,1,20
24/05/2020,25,2,CR1.12,0,0,0,0,0,0,20
24/05/2020,25,3,CR2.1,0,0,0,8,8,1,20
24/05/2020,25,4,CR1.17,0,0,0,0,0,0,20
24/05/2020,25,5,TR2.14,0,0,0,0,0,0,20
24/05/2020,25,6,CR1.11,0,0,0,0,0,0,20
24/05/2020,25,9,CR1.16,0,0,0,0,0,0,20
24/05/2020,25,10,TR1.5,0,0,0,1,1,0,20
24/05/2020,25,11,TR1.9,0,0,0,0,0,0,20
24/05/2020,25,12,TR2.9,0,0,0,1,1,0,20
24/05/2020,25,13,CR1.9,0,0,0,1,1,0,20
24/05/2020,25,14,TR1.11,0,0,0,2,2,0,20
24/05/2020,25,15,TR1.10,0,0,0,0,0,0,20
24/05/2020,25,20,CR1.10,0,0,0,2,2,0,20
24/05/2020,25,21,CR1.15,0,0,0,0,0,0,20
24/05/2020,25,22,TR2.12,0,0,0,2,2,0,20
24/05/2020,25,23,CR2.14,0,0,0,1,1,0,20
24/05/2020,25,24,CR2.9,0,0,0,1,1,0,20
24/05/2020,25,25,CR2.11,0,0,0,3,3,0,20
24/05/2020,25,26,TR1.19,0,0,1,3,4,0,20
24/05/2020,25,27,CR1.8,1,1,0,0,1,0,20
24/05/2020,25,28,CR1.2,0,0,0,9,9,0,20
24/05/2020,25,29,CR1.7,0,0,0,7,7,1,20
24/05/2020,25,30,CR2.12,0,0,0,1,1,1,20
24/05/2020,25,31,CR2.5,0,0,0,0,0,0,20
24/05/2020,25,32,TR1.4,0,0,1,2,3,0,20
24/05/2020,25,33,CR1.4,0,0,0,1,1,0,20
24/05/2020,25,36,CR2x.4,0,0,0,0,0,0,20
24/05/2020,25,37,CR1x.18,0,0,0,13,13,0,20
24/05/2020,25,38,TR2.4,0,0,0,1,1,0,20
24/05/2020,25,40,CR1.13,0,0,0,1,1,0,20
24/05/2020,25,41,TR2.5,0,0,1,1,2,0,20
24/05/2020,25,43,TR1.13,0,0,0,1,1,0,20
24/05/2020,25,45,CR2.3,0,0,0,0,0,0,20
24/05/2020,25,46,TR2.11,0,0,0,0,0,0,20
24/05/2020,25,47,TR2.8,0,0,0,1,1,0,20
24/05/2020,25,48,CR1.6,0,0,0,3,3,0,20
24/05/2020,25,49,CR2.8,0,0,0,2,2,0,20
24/05/2020,25,50,CR2.6,0,1,0,0,1,1,20
24/05/2020,25,52,CR1.1,0,0,0,0,0,0,20
24/05/2020,25,53,CR1.3,0,0,0,1,1,0,20
24/05/2020,25,55,CR1.19,0,0,0,6,6,0,20
24/05/2020,25,56,TR1.14,0,0,0,1,1,0,20
24/05/2020,25,58,CR2.13,0,0,0,3,3,0,20
24/05/2020,25,59,CR1.5,0,0,0,5,5,0,20
24/05/2020,25,60,TR2.1,1,0,0,0,0,1,20
24/05/2020,25,61,TR1.18,0,0,0,0,0,0,20
24/05/2020,25,62,E5,0,0,0,2,2,0,20
24/05/2020,25,63,CR2.15,0,0,0,6,6,0,20
24/05/2020,25,64,CR2.10,0,0,0,1,1,0,20
24/05/2020,25,65,CR1.20,0,1,0,2,3,0,20
24/05/2020,25,68,CR2.7,0,0,0,11,11,0,20
24/05/2020,25,70,TR2.10,0,0,0,1,1,0,20
24/05/2020,25,71,TR2.7,0,0,2,3,5,0,20
24/05/2020,25,72,TR2.6,0,0,0,0,0,0,20
24/05/2020,25,73,TR1.17,0,0,0,1,1,0,20
24/05/2020,25,74,TR1.20,5,0,0,0,0,5,20
28/05/2020,26,1,E3,1,0,0,0,0,1,20
28/05/2020,26,2,CR1.12,0,0,0,2,2,0,20
28/05/2020,26,3,CR2.1,0,0,0,6,6,0,20
28/05/2020,26,4,CR1.17,0,0,0,0,0,0,20
28/05/2020,26,5,TR2.14,0,0,0,0,0,0,20
28/05/2020,26,6,CR1.11,0,0,0,4,4,0,20
28/05/2020,26,9,CR1.16,1,0,1,3,4,0,20
28/05/2020,26,10,TR1.5,1,0,1,0,1,0,20
28/05/2020,26,11,TR1.9,1,1,0,1,2,0,20
28/05/2020,26,12,TR2.9,0,0,0,1,1,0,20
28/05/2020,26,13,CR1.9,0,0,0,0,0,0,20
28/05/2020,26,14,TR1.11,1,0,1,0,1,0,20
28/05/2020,26,15,TR1.10,0,0,0,0,0,0,20
28/05/2020,26,20,CR1.10,0,0,0,4,4,0,20
28/05/2020,26,21,CR1.15,0,0,0,2,2,0,20
28/05/2020,26,22,TR2.12,0,0,0,0,0,0,20
28/05/2020,26,23,CR2.14,0,0,0,1,1,0,20
28/05/2020,26,24,CR2.9,0,0,0,0,0,0,20
28/05/2020,26,25,CR2.11,0,0,0,4,4,0,20
28/05/2020,26,26,TR1.19,0,0,0,1,1,0,20
28/05/2020,26,27,CR1.8,0,0,0,3,3,0,20
28/05/2020,26,28,CR1.2,0,0,0,3,3,0,20
28/05/2020,26,29,CR1.7,0,0,0,1,1,0,20
28/05/2020,26,30,CR2.12,0,0,0,3,3,0,20
28/05/2020,26,31,CR2.5,0,0,0,2,2,1,20
28/05/2020,26,32,TR1.4,0,0,0,1,1,0,20
28/05/2020,26,33,CR1.4,1,0,0,0,0,1,20
28/05/2020,26,36,CR2x.4,0,0,0,0,0,0,20
28/05/2020,26,37,CR1x.18,0,0,0,2,2,0,20
28/05/2020,26,38,TR2.4,0,0,0,0,0,0,20
28/05/2020,26,40,CR1.13,0,0,0,1,1,2,20
28/05/2020,26,41,TR2.5,0,0,0,0,0,1,20
28/05/2020,26,43,TR1.13,0,0,0,0,0,1,20
28/05/2020,26,45,CR2.3,3,0,0,0,0,3,20
28/05/2020,26,46,TR2.11,0,0,0,0,0,0,20
28/05/2020,26,47,TR2.8,0,0,0,0,0,0,20
28/05/2020,26,48,CR1.6,0,0,0,1,1,0,20
28/05/2020,26,49,CR2.8,1,0,1,0,1,0,20
28/05/2020,26,50,CR2.6,0,0,0,4,4,1,20
28/05/2020,26,52,CR1.1,0,0,0,2,2,0,20
28/05/2020,26,53,CR1.3,0,0,0,2,2,1,20
28/05/2020,26,55,CR1.19,0,0,0,3,3,0,20
28/05/2020,26,56,TR1.14,0,0,0,1,1,0,20
28/05/2020,26,58,CR2.13,0,0,0,2,2,0,20
28/05/2020,26,59,CR1.5,0,0,0,2,2,0,20
28/05/2020,26,60,TR2.1,0,0,0,0,0,0,20
28/05/2020,26,61,TR1.18,0,0,0,0,0,0,20
28/05/2020,26,62,E5,0,0,1,0,1,0,20
28/05/2020,26,63,CR2.15,0,0,0,4,4,0,20
28/05/2020,26,64,CR2.10,0,0,0,5,5,0,20
28/05/2020,26,65,CR1.20,0,0,0,3,3,0,20
28/05/2020,26,68,CR2.7,0,0,0,12,12,0,20
28/05/2020,26,70,TR2.10,0,0,0,0,0,0,20
28/05/2020,26,71,TR2.7,1,0,0,0,0,2,20
28/05/2020,26,72,TR2.6,1,0,0,0,0,0,20
28/05/2020,26,73,TR1.17,1,0,0,0,0,1,20
28/05/2020,26,74,TR1.20,0,0,0,0,0,11,20
30/05/2020,27,1,E3,2,0,0,0,0,1,20
30/05/2020,27,2,CR1.12,0,0,0,2,2,0,20
30/05/2020,27,3,CR2.1,0,0,0,1,1,0,20
30/05/2020,27,4,CR1.17,0,0,0,0,0,0,20
30/05/2020,27,5,TR2.14,0,0,0,1,1,0,20
30/05/2020,27,6,CR1.11,0,0,0,0,0,0,20
30/05/2020,27,9,CR1.16,0,0,0,2,2,0,20
30/05/2020,27,10,TR1.5,1,0,0,0,0,1,20
30/05/2020,27,11,TR1.9,1,0,0,0,0,1,20
30/05/2020,27,12,TR2.9,0,0,0,0,0,0,20
30/05/2020,27,13,CR1.9,0,0,0,0,0,0,20
30/05/2020,27,14,TR1.11,2,0,0,0,0,2,20
30/05/2020,27,15,TR1.10,0,0,0,0,0,0,20
30/05/2020,27,20,CR1.10,0,0,0,3,3,0,20
30/05/2020,27,21,CR1.15,0,0,0,2,2,0,20
30/05/2020,27,22,TR2.12,0,0,0,0,0,0,20
30/05/2020,27,23,CR2.14,1,0,0,0,0,1,20
30/05/2020,27,24,CR2.9,0,0,0,1,1,0,20
30/05/2020,27,25,CR2.11,0,0,0,7,7,0,20
30/05/2020,27,26,TR1.19,0,0,0,1,1,0,20
30/05/2020,27,27,CR1.8,0,0,0,1,1,0,20
30/05/2020,27,28,CR1.2,0,0,0,4,4,0,20
30/05/2020,27,29,CR1.7,0,0,0,0,0,0,20
30/05/2020,27,30,CR2.12,0,0,0,5,5,0,20
30/05/2020,27,31,CR2.5,0,0,0,0,0,0,20
30/05/2020,27,32,TR1.4,0,0,0,0,0,0,20
30/05/2020,27,33,CR1.4,0,0,0,0,0,1,20
30/05/2020,27,36,CR2x.4,0,0,0,0,0,0,20
30/05/2020,27,37,CR1x.18,0,0,0,4,4,0,20
30/05/2020,27,38,TR2.4,0,0,0,0,0,0,20
30/05/2020,27,40,CR1.13,0,0,0,0,0,0,20
30/05/2020,27,41,TR2.5,0,0,0,0,0,0,20
30/05/2020,27,43,TR1.13,0,0,0,0,0,0,20
30/05/2020,27,45,CR2.3,0,0,0,0,0,0,20
30/05/2020,27,46,TR2.11,0,0,0,1,1,0,20
30/05/2020,27,48,CR1.6,0,0,0,3,3,0,20
30/05/2020,27,49,CR2.8,0,0,0,0,0,0,20
30/05/2020,27,50,CR2.6,0,0,0,1,1,0,20
30/05/2020,27,52,CR1.1,0,0,0,0,0,0,20
30/05/2020,27,53,CR1.3,0,0,0,0,0,0,20
30/05/2020,27,55,CR1.19,0,0,0,2,2,0,20
30/05/2020,27,56,TR1.14,0,0,0,0,0,0,20
30/05/2020,27,58,CR2.13,0,0,0,1,1,0,20
30/05/2020,27,59,CR1.5,0,0,0,5,5,0,20
30/05/2020,27,60,TR2.1,0,0,0,0,0,0,20
30/05/2020,27,61,TR1.18,0,0,0,0,0,0,20
30/05/2020,27,62,E5,0,0,0,3,3,0,20
30/05/2020,27,63,CR2.15,0,0,0,2,2,0,20
30/05/2020,27,64,CR2.10,0,0,0,2,2,0,20
30/05/2020,27,65,CR1.20,0,0,0,0,0,0,20
30/05/2020,27,68,CR2.7,0,0,0,3,3,0,20
30/05/2020,27,70,TR2.10,0,0,0,0,0,0,20
30/05/2020,27,71,TR2.7,3,0,0,0,0,3,20
30/05/2020,27,72,TR2.6,0,0,0,1,1,0,20
30/05/2020,27,73,TR1.17,1,0,0,0,0,1,20
01/06/2020,28,1,E3,1,0,0,0,0,1,20
01/06/2020,28,2,CR1.12,0,0,0,0,0,0,20
01/06/2020,28,3,CR2.1,1,0,0,0,0,1,20
01/06/2020,28,4,CR1.17,0,0,0,0,0,0,20
01/06/2020,28,5,TR2.14,0,0,0,1,1,0,20
01/06/2020,28,6,CR1.11,0,0,0,2,2,0,20
01/06/2020,28,9,CR1.16,1,0,0,0,0,1,20
01/06/2020,28,10,TR1.5,3,0,2,1,3,0,20
01/06/2020,28,11,TR1.9,0,0,0,0,0,0,20
01/06/2020,28,12,TR2.9,0,0,0,0,0,0,20
01/06/2020,28,13,CR1.9,0,0,0,2,2,0,20
01/06/2020,28,14,TR1.11,1,0,1,0,1,1,20
01/06/2020,28,15,TR1.10,1,0,1,0,1,0,20
01/06/2020,28,20,CR1.10,0,0,0,3,3,0,20
01/06/2020,28,21,CR1.15,0,0,0,4,4,0,20
01/06/2020,28,22,TR2.12,0,0,0,0,0,0,20
01/06/2020,28,23,CR2.14,0,0,0,0,0,0,20
01/06/2020,28,24,CR2.9,0,0,0,0,0,0,20
01/06/2020,28,25,CR2.11,0,0,0,1,1,0,20
01/06/2020,28,26,TR1.19,0,0,0,2,2,0,20
01/06/2020,28,27,CR1.8,0,0,0,0,0,0,20
01/06/2020,28,28,CR1.2,0,0,0,1,1,1,20
01/06/2020,28,29,CR1.7,0,0,0,2,2,0,20
01/06/2020,28,30,CR2.12,0,0,0,0,0,0,20
01/06/2020,28,31,CR2.5,0,0,0,2,2,0,20
01/06/2020,28,32,TR1.4,0,0,0,1,1,0,20
01/06/2020,28,33,CR1.4,0,0,0,1,1,0,20
01/06/2020,28,36,CR2x.4,0,0,0,2,2,0,20
01/06/2020,28,37,CR1x.18,0,0,0,6,6,0,20
01/06/2020,28,38,TR2.4,0,0,0,0,0,0,20
01/06/2020,28,40,CR1.13,0,0,0,0,0,0,20
01/06/2020,28,41,TR2.5,0,0,0,1,1,0,20
01/06/2020,28,43,TR1.13,0,0,0,0,0,0,20
01/06/2020,28,45,CR2.3,1,0,0,0,0,1,20
01/06/2020,28,46,TR2.11,1,0,0,0,0,1,20
01/06/2020,28,48,CR1.6,0,0,0,3,3,0,20
01/06/2020,28,49,CR2.8,0,0,0,2,2,0,20
01/06/2020,28,50,CR2.6,0,1,0,3,4,0,20
01/06/2020,28,52,CR1.1,0,0,0,1,1,1,20
01/06/2020,28,53,CR1.3,0,0,0,1,1,0,20
01/06/2020,28,55,CR1.19,0,0,0,8,8,0,20
01/06/2020,28,56,TR1.14,0,0,0,0,0,1,20
01/06/2020,28,58,CR2.13,0,0,0,0,0,0,20
01/06/2020,28,59,CR1.5,0,0,0,2,2,0,20
01/06/2020,28,60,TR2.1,0,0,0,0,0,0,20
01/06/2020,28,61,TR1.18,0,0,0,0,0,0,20
01/06/2020,28,62,E5,0,0,0,0,0,1,20
01/06/2020,28,63,CR2.15,0,0,0,4,4,0,20
01/06/2020,28,64,CR2.10,0,0,0,6,6,0,20
01/06/2020,28,65,CR1.20,0,0,0,0,0,0,20
01/06/2020,28,68,CR2.7,0,0,0,2,2,0,20
01/06/2020,28,70,TR2.10,0,0,0,0,0,0,20
01/06/2020,28,71,TR2.7,3,0,0,0,0,3,20
01/06/2020,28,72,TR2.6,0,0,0,3,3,0,20
01/06/2020,28,73,TR1.17,1,0,1,0,1,0,20
05/06/2020,29,1,E3,5,0,1,0,1,3,20
05/06/2020,29,2,CR1.12,0,0,0,0,0,0,20
05/06/2020,29,3,CR2.1,0,0,0,0,0,0,20
05/06/2020,29,4,CR1.17,1,0,0,0,0,1,20
05/06/2020,29,5,TR2.14,1,0,0,1,1,0,20
05/06/2020,29,6,CR1.11,5,0,1,4,5,0,20
05/06/2020,29,9,CR1.16,0,0,0,0,0,0,20
05/06/2020,29,10,TR1.5,0,0,0,0,0,0,20
05/06/2020,29,11,TR1.9,1,0,1,0,1,0,20
05/06/2020,29,12,TR2.9,2,0,2,0,2,0,20
05/06/2020,29,13,CR1.9,0,0,0,0,0,0,20
05/06/2020,29,14,TR1.11,1,0,0,0,0,1,20
05/06/2020,29,15,TR1.10,0,0,0,0,0,0,20
05/06/2020,29,20,CR1.10,0,0,0,2,2,0,20
05/06/2020,29,21,CR1.15,1,0,1,4,5,0,20
05/06/2020,29,22,TR2.12,0,0,0,1,1,0,20
05/06/2020,29,23,CR2.14,1,0,1,0,1,0,20
05/06/2020,29,24,CR2.9,0,0,0,0,0,0,20
05/06/2020,29,25,CR2.11,0,0,0,2,2,0,20
05/06/2020,29,26,TR1.19,0,0,1,0,1,0,20
05/06/2020,29,27,CR1.8,0,0,0,0,0,0,20
05/06/2020,29,28,CR1.2,0,0,0,7,7,0,20
05/06/2020,29,29,CR1.7,0,0,0,1,1,0,20
05/06/2020,29,30,CR2.12,0,0,0,0,0,0,20
05/06/2020,29,31,CR2.5,0,0,0,2,2,0,20
05/06/2020,29,32,TR1.4,0,0,1,2,3,0,20
05/06/2020,29,33,CR1.4,0,0,0,0,0,0,20
05/06/2020,29,36,CR2x.4,0,0,0,0,0,0,20
05/06/2020,29,37,CR1x.18,0,0,0,6,6,0,20
05/06/2020,29,38,TR2.4,0,0,0,0,0,0,20
05/06/2020,29,40,CR1.13,0,0,0,0,0,3,20
05/06/2020,29,41,TR2.5,0,0,0,1,1,1,20
05/06/2020,29,43,TR1.13,0,0,1,0,1,0,20
05/06/2020,29,45,CR2.3,1,0,1,0,1,1,20
05/06/2020,29,46,TR2.11,4,0,0,0,0,7,20
05/06/2020,29,48,CR1.6,0,0,0,3,3,0,20
05/06/2020,29,49,CR2.8,1,0,0,0,0,1,20
05/06/2020,29,50,CR2.6,0,1,0,2,3,0,20
05/06/2020,29,52,CR1.1,0,0,0,1,1,0,20
05/06/2020,29,53,CR1.3,0,0,0,7,7,0,20
05/06/2020,29,55,CR1.19,0,0,0,5,5,0,20
05/06/2020,29,56,TR1.14,0,0,0,0,0,0,20
05/06/2020,29,58,CR2.13,0,0,0,0,0,0,20
05/06/2020,29,59,CR1.5,1,0,0,0,0,1,20
05/06/2020,29,60,TR2.1,0,0,1,0,1,0,20
05/06/2020,29,61,TR1.18,1,0,1,0,1,0,20
05/06/2020,29,62,E5,0,0,0,0,0,0,20
05/06/2020,29,63,CR2.15,0,0,0,3,3,0,20
05/06/2020,29,64,CR2.10,0,0,0,1,1,0,20
05/06/2020,29,65,CR1.20,0,0,0,7,7,0,20
05/06/2020,29,68,CR2.7,0,0,0,3,3,0,20
05/06/2020,29,70,TR2.10,0,0,0,0,0,0,20
05/06/2020,29,71,TR2.7,8,0,0,0,0,6,20
05/06/2020,29,72,TR2.6,1,0,1,0,1,1,20
05/06/2020,29,73,TR1.17,3,0,1,0,1,2,20
07/06/2020,30,1,E3,2,0,0,0,0,1,20
07/06/2020,30,2,CR1.12,0,0,0,4,4,0,20
07/06/2020,30,3,CR2.1,0,0,0,0,0,0,20
07/06/2020,30,4,CR1.17,0,0,0,0,0,0,20
07/06/2020,30,5,TR2.14,0,0,0,2,2,0,20
07/06/2020,30,6,CR1.11,0,0,0,3,3,0,20
07/06/2020,30,9,CR1.16,1,0,0,0,0,1,20
07/06/2020,30,10,TR1.5,0,0,0,0,0,0,20
07/06/2020,30,11,TR1.9,1,0,0,0,0,1,20
07/06/2020,30,12,TR2.9,0,0,0,0,0,0,20
07/06/2020,30,13,CR1.9,1,0,0,0,0,1,20
07/06/2020,30,14,TR1.11,0,0,0,1,1,0,20
07/06/2020,30,15,TR1.10,0,0,0,0,0,0,20
07/06/2020,30,20,CR1.10,0,0,0,1,1,0,20
07/06/2020,30,21,CR1.15,0,0,0,0,0,1,20
07/06/2020,30,22,TR2.12,0,0,0,1,1,0,20
07/06/2020,30,23,CR2.14,0,0,0,2,2,1,20
07/06/2020,30,24,CR2.9,0,0,0,0,0,0,20
07/06/2020,30,25,CR2.11,0,0,0,1,1,0,20
07/06/2020,30,26,TR1.19,0,0,0,0,0,0,20
07/06/2020,30,27,CR1.8,0,0,0,0,0,0,20
07/06/2020,30,28,CR1.2,0,0,0,1,1,0,20
07/06/2020,30,29,CR1.7,0,0,0,1,1,0,20
07/06/2020,30,30,CR2.12,0,0,0,0,0,0,20
07/06/2020,30,31,CR2.5,0,0,0,0,0,0,20
07/06/2020,30,32,TR1.4,0,0,0,3,3,0,20
07/06/2020,30,33,CR1.4,0,0,0,0,0,0,20
07/06/2020,30,36,CR2x.4,0,0,0,0,0,0,20
07/06/2020,30,37,CR1x.18,0,0,0,3,3,0,20
07/06/2020,30,38,TR2.4,0,0,0,0,0,0,20
07/06/2020,30,40,CR1.13,0,0,0,0,0,0,20
07/06/2020,30,41,TR2.5,0,0,0,0,0,0,20
07/06/2020,30,43,TR1.13,1,0,0,0,0,1,20
07/06/2020,30,45,CR2.3,1,0,0,0,0,1,20
07/06/2020,30,46,TR2.11,2,0,0,0,0,2,20
07/06/2020,30,48,CR1.6,0,0,0,2,2,0,20
07/06/2020,30,49,CR2.8,0,0,0,0,0,0,20
07/06/2020,30,50,CR2.6,0,0,0,2,2,0,20
07/06/2020,30,52,CR1.1,0,0,0,0,0,0,20
07/06/2020,30,53,CR1.3,0,0,0,2,2,0,20
07/06/2020,30,55,CR1.19,0,0,0,6,6,0,20
07/06/2020,30,56,TR1.14,0,0,0,0,0,1,20
07/06/2020,30,58,CR2.13,0,0,0,1,1,0,20
07/06/2020,30,59,CR1.5,0,0,0,0,0,0,20
07/06/2020,30,60,TR2.1,0,0,0,1,1,0,20
07/06/2020,30,61,TR1.18,0,0,0,0,0,0,20
07/06/2020,30,62,E5,0,0,0,0,0,0,20
07/06/2020,30,63,CR2.15,0,0,0,3,3,0,20
07/06/2020,30,64,CR2.10,0,0,0,1,1,0,20
07/06/2020,30,65,CR1.20,0,0,0,4,4,0,20
07/06/2020,30,68,CR2.7,0,0,0,4,4,0,20
07/06/2020,30,70,TR2.10,0,0,0,1,1,0,20
07/06/2020,30,71,TR2.7,4,0,0,0,0,5,20
07/06/2020,30,72,TR2.6,3,0,0,0,0,3,20
07/06/2020,30,73,TR1.17,0,0,0,0,0,0,20
09/06/2020,31,1,E3,0,0,0,0,0,1,20
09/06/2020,31,2,CR1.12,1,0,0,0,0,1,20
09/06/2020,31,3,CR2.1,1,0,0,0,0,0,20
09/06/2020,31,4,CR1.17,0,0,0,0,0,0,20
09/06/2020,31,5,TR2.14,0,0,0,0,0,1,20
09/06/2020,31,6,CR1.11,0,0,0,1,1,0,20
09/06/2020,31,9,CR1.16,0,0,0,0,0,0,20
09/06/2020,31,10,TR1.5,0,0,0,0,0,0,20
09/06/2020,31,11,TR1.9,0,0,0,0,0,0,20
09/06/2020,31,12,TR2.9,0,0,0,0,0,0,20
09/06/2020,31,13,CR1.9,0,0,0,2,2,1,20
09/06/2020,31,14,TR1.11,0,0,0,3,3,0,20
09/06/2020,31,15,TR1.10,0,0,0,0,0,0,20
09/06/2020,31,20,CR1.10,0,0,0,0,0,0,20
09/06/2020,31,21,CR1.15,2,0,0,0,0,2,20
09/06/2020,31,22,TR2.12,0,0,0,0,0,0,20
09/06/2020,31,23,CR2.14,0,0,0,0,0,1,20
09/06/2020,31,24,CR2.9,0,0,0,2,2,0,20
09/06/2020,31,25,CR2.11,0,0,0,0,0,0,20
09/06/2020,31,26,TR1.19,0,0,1,0,1,0,20
09/06/2020,31,27,CR1.8,0,0,1,0,1,0,20
09/06/2020,31,28,CR1.2,0,0,0,2,2,0,20
09/06/2020,31,29,CR1.7,0,0,0,5,5,0,20
09/06/2020,31,30,CR2.12,0,0,0,0,0,0,20
09/06/2020,31,31,CR2.5,0,0,0,0,0,0,20
09/06/2020,31,32,TR1.4,0,0,0,2,2,0,20
09/06/2020,31,33,CR1.4,1,0,0,0,0,1,20
09/06/2020,31,36,CR2x.4,0,0,0,3,3,0,20
09/06/2020,31,37,CR1x.18,0,0,0,0,0,0,20
09/06/2020,31,38,TR2.4,0,0,0,0,0,0,20
09/06/2020,31,40,CR1.13,3,0,3,0,3,1,20
09/06/2020,31,41,TR2.5,0,0,0,0,0,0,20
09/06/2020,31,43,TR1.13,0,0,0,2,2,0,20
09/06/2020,31,45,CR2.3,1,0,0,0,0,1,20
09/06/2020,31,48,CR1.6,0,0,0,1,1,0,20
09/06/2020,31,49,CR2.8,0,0,0,0,0,0,20
09/06/2020,31,50,CR2.6,0,1,0,7,8,0,20
09/06/2020,31,52,CR1.1,0,0,0,3,3,0,20
09/06/2020,31,53,CR1.3,0,0,0,1,1,0,20
09/06/2020,31,55,CR1.19,0,0,0,7,7,0,20
09/06/2020,31,56,TR1.14,0,0,0,1,1,0,20
09/06/2020,31,58,CR2.13,0,0,0,0,0,0,20
09/06/2020,31,59,CR1.5,0,0,0,1,1,0,20
09/06/2020,31,60,TR2.1,0,0,0,0,0,0,20
09/06/2020,31,61,TR1.18,0,0,0,0,0,0,20
09/06/2020,31,62,E5,0,0,0,0,0,0,20
09/06/2020,31,63,CR2.15,0,1,0,0,1,0,20
09/06/2020,31,64,CR2.10,0,0,0,0,0,0,20
09/06/2020,31,65,CR1.20,0,0,0,0,0,2,20
09/06/2020,31,68,CR2.7,0,0,0,3,3,0,20
09/06/2020,31,70,TR2.10,0,0,0,0,0,0,20
09/06/2020,31,71,TR2.7,1,0,0,0,0,2,20
09/06/2020,31,72,TR2.6,0,0,0,0,0,0,20
09/06/2020,31,73,TR1.17,1,0,0,0,0,2,20
13/06/2020,32,2,CR1.12,1,0,0,0,0,1,20
13/06/2020,32,3,CR2.1,1,0,0,0,0,1,20
13/06/2020,32,4,CR1.17,0,0,0,0,0,0,20
13/06/2020,32,5,TR2.14,0,0,0,0,0,1,20
13/06/2020,32,6,CR1.11,0,0,0,1,1,0,20
13/06/2020,32,9,CR1.16,0,0,0,0,0,0,20
13/06/2020,32,10,TR1.5,0,0,0,0,0,0,20
13/06/2020,32,11,TR1.9,0,0,0,0,0,0,20
13/06/2020,32,12,TR2.9,1,0,0,0,0,1,20
13/06/2020,32,13,CR1.9,2,0,0,0,0,1,20
13/06/2020,32,14,TR1.11,0,0,2,0,2,0,20
13/06/2020,32,15,TR1.10,0,0,0,0,0,0,20
13/06/2020,32,20,CR1.10,0,0,2,2,4,0,20
13/06/2020,32,21,CR1.15,1,0,0,0,0,1,20
13/06/2020,32,22,TR2.12,0,0,0,0,0,0,20
13/06/2020,32,23,CR2.14,2,0,2,0,2,0,20
13/06/2020,32,24,CR2.9,0,0,0,1,1,0,20
13/06/2020,32,25,CR2.11,0,0,0,0,0,0,20
13/06/2020,32,26,TR1.19,3,0,2,0,2,1,20
13/06/2020,32,27,CR1.8,1,0,0,0,0,1,20
13/06/2020,32,28,CR1.2,0,1,0,4,5,0,20
13/06/2020,32,29,CR1.7,0,0,0,0,0,1,20
13/06/2020,32,30,CR2.12,1,0,0,0,0,1,20
13/06/2020,32,31,CR2.5,0,0,0,2,2,0,20
13/06/2020,32,32,TR1.4,0,0,0,0,0,0,20
13/06/2020,32,33,CR1.4,0,0,0,1,1,0,20
13/06/2020,32,36,CR2x.4,0,0,0,0,0,0,20
13/06/2020,32,37,CR1x.18,2,0,1,0,1,0,20
13/06/2020,32,38,TR2.4,2,0,0,0,0,0,20
13/06/2020,32,40,CR1.13,3,0,0,0,0,0,20
13/06/2020,32,41,TR2.5,1,0,3,0,3,1,20
13/06/2020,32,43,TR1.13,3,0,2,1,3,0,20
13/06/2020,32,45,CR2.3,0,0,0,0,0,1,20
13/06/2020,32,48,CR1.6,0,0,0,4,4,0,20
13/06/2020,32,49,CR2.8,1,0,0,0,0,1,20
13/06/2020,32,50,CR2.6,0,0,0,4,4,0,20
13/06/2020,32,52,CR1.1,0,0,0,1,1,0,20
13/06/2020,32,53,CR1.3,0,0,0,0,0,0,20
13/06/2020,32,55,CR1.19,0,0,0,1,1,0,20
13/06/2020,32,56,TR1.14,0,0,0,2,2,0,20
13/06/2020,32,59,CR1.5,0,0,0,0,0,0,20
13/06/2020,32,60,TR2.1,0,0,0,0,0,0,20
13/06/2020,32,61,TR1.18,0,0,0,0,0,1,20
13/06/2020,32,62,E5,1,0,1,0,1,0,20
13/06/2020,32,63,CR2.15,0,0,0,1,1,0,20
13/06/2020,32,64,CR2.10,0,0,0,0,0,0,20
13/06/2020,32,65,CR1.20,1,0,0,0,0,0,20
13/06/2020,32,68,CR2.7,3,0,0,0,0,1,20
13/06/2020,32,70,TR2.10,0,0,0,0,0,0,20
13/06/2020,32,71,TR2.7,3,0,0,0,0,1,20
13/06/2020,32,73,TR1.17,1,0,0,0,0,0,20
15/06/2020,33,2,CR1.12,0,0,0,0,0,0,20
15/06/2020,33,3,CR2.1,1,0,0,0,0,1,20
15/06/2020,33,4,CR1.17,0,0,0,0,0,0,20
15/06/2020,33,5,TR2.14,0,0,0,0,0,0,20
15/06/2020,33,6,CR1.11,0,0,0,1,1,0,20
15/06/2020,33,9,CR1.16,0,0,0,0,0,0,20
15/06/2020,33,10,TR1.5,0,0,0,0,0,0,20
15/06/2020,33,11,TR1.9,0,0,0,0,0,0,20
15/06/2020,33,12,TR2.9,0,0,0,0,0,0,20
15/06/2020,33,13,CR1.9,2,0,0,0,0,3,20
15/06/2020,33,14,TR1.11,0,0,0,0,0,0,20
15/06/2020,33,15,TR1.10,0,0,0,0,0,0,20
15/06/2020,33,20,CR1.10,0,0,0,1,1,0,20
15/06/2020,33,21,CR1.15,1,0,0,0,0,1,20
15/06/2020,33,22,TR2.12,0,0,0,0,0,0,20
15/06/2020,33,23,CR2.14,0,0,0,0,0,0,20
15/06/2020,33,24,CR2.9,0,0,0,0,0,0,20
15/06/2020,33,25,CR2.11,0,0,0,0,0,0,20
15/06/2020,33,26,TR1.19,0,0,0,0,0,0,20
15/06/2020,33,27,CR1.8,0,0,0,0,0,0,20
15/06/2020,33,28,CR1.2,0,0,0,0,0,0,20
15/06/2020,33,29,CR1.7,0,0,0,0,0,0,20
15/06/2020,33,30,CR2.12,0,0,0,0,0,0,20
15/06/2020,33,31,CR2.5,0,0,0,0,0,0,20
15/06/2020,33,33,CR1.4,1,0,0,0,0,1,20
15/06/2020,33,36,CR2x.4,0,0,0,1,1,0,20
15/06/2020,33,37,CR1x.18,0,0,0,0,0,0,20
15/06/2020,33,38,TR2.4,0,0,0,0,0,0,20
15/06/2020,33,40,CR1.13,2,0,0,0,0,2,20
15/06/2020,33,41,TR2.5,0,0,0,0,0,0,20
15/06/2020,33,43,TR1.13,0,0,0,0,0,0,20
15/06/2020,33,45,CR2.3,0,0,0,0,0,0,20
15/06/2020,33,48,CR1.6,0,0,0,3,3,0,20
15/06/2020,33,49,CR2.8,0,0,0,0,0,0,20
15/06/2020,33,50,CR2.6,0,0,0,0,0,0,20
15/06/2020,33,52,CR1.1,0,0,0,2,2,0,20
15/06/2020,33,55,CR1.19,0,0,0,3,3,0,20
15/06/2020,33,56,TR1.14,0,0,0,0,0,0,20
15/06/2020,33,59,CR1.5,0,0,0,0,0,0,20
15/06/2020,33,60,TR2.1,0,0,0,0,0,0,20
15/06/2020,33,61,TR1.18,0,0,0,0,0,0,20
15/06/2020,33,62,E5,1,0,0,0,0,1,20
15/06/2020,33,63,CR2.15,0,0,0,0,0,0,20
15/06/2020,33,64,CR2.10,0,0,0,0,0,0,20
15/06/2020,33,65,CR1.20,0,0,0,1,1,0,20
15/06/2020,33,68,CR2.7,2,0,0,2,2,0,20
15/06/2020,33,70,TR2.10,0,0,0,0,0,0,20
15/06/2020,33,71,TR2.7,0,0,0,0,0,0,20
15/06/2020,33,73,TR1.17,1,0,0,0,0,0,20
17/06/2020,34,2,CR1.12,0,0,1,0,1,0,20
17/06/2020,34,3,CR2.1,5,0,0,0,0,5,20
17/06/2020,34,4,CR1.17,0,0,0,0,0,0,20
17/06/2020,34,5,TR2.14,0,0,0,0,0,0,20
17/06/2020,34,6,CR1.11,0,0,0,1,1,0,20
17/06/2020,34,9,CR1.16,0,0,0,0,0,1,20
17/06/2020,34,10,TR1.5,0,0,0,0,0,0,20
17/06/2020,34,11,TR1.9,0,0,0,0,0,0,20
17/06/2020,34,12,TR2.9,0,0,0,0,0,0,20
17/06/2020,34,13,CR1.9,0,0,0,0,0,0,20
17/06/2020,34,14,TR1.11,0,0,0,1,1,0,20
17/06/2020,34,15,TR1.10,0,0,1,1,2,0,20
17/06/2020,34,20,CR1.10,0,0,0,0,0,0,20
17/06/2020,34,21,CR1.15,0,0,0,0,0,0,20
17/06/2020,34,22,TR2.12,0,0,0,0,0,0,20
17/06/2020,34,23,CR2.14,0,0,0,0,0,0,20
17/06/2020,34,24,CR2.9,0,0,0,0,0,0,20
17/06/2020,34,25,CR2.11,1,0,0,0,0,1,20
17/06/2020,34,26,TR1.19,0,0,0,0,0,0,20
17/06/2020,34,27,CR1.8,0,0,0,0,0,0,20
17/06/2020,34,28,CR1.2,0,0,0,0,0,0,20
17/06/2020,34,29,CR1.7,0,0,0,0,0,0,20
17/06/2020,34,30,CR2.12,0,0,0,2,2,0,20
17/06/2020,34,31,CR2.5,0,0,0,1,1,0,20
17/06/2020,34,33,CR1.4,0,0,0,0,0,0,20
17/06/2020,34,36,CR2x.4,1,1,0,0,1,0,20
17/06/2020,34,37,CR1x.18,0,0,0,0,0,0,20
17/06/2020,34,38,TR2.4,0,0,0,0,0,0,20
17/06/2020,34,40,CR1.13,0,0,0,0,0,0,20
17/06/2020,34,41,TR2.5,0,0,0,0,0,0,20
17/06/2020,34,43,TR1.13,0,0,0,0,0,0,20
17/06/2020,34,45,CR2.3,0,0,1,0,1,0,20
17/06/2020,34,48,CR1.6,0,0,2,0,2,1,20
17/06/2020,34,49,CR2.8,0,0,0,1,1,1,20
17/06/2020,34,50,CR2.6,0,0,0,4,4,0,20
17/06/2020,34,52,CR1.1,0,0,0,0,0,0,20
17/06/2020,34,55,CR1.19,0,0,0,9,9,0,20
17/06/2020,34,56,TR1.14,0,0,0,0,0,0,20
17/06/2020,34,59,CR1.5,0,0,0,0,0,0,20
17/06/2020,34,60,TR2.1,0,0,0,0,0,0,20
17/06/2020,34,61,TR1.18,1,0,1,0,1,0,20
17/06/2020,34,62,E5,2,1,1,0,2,0,20
17/06/2020,34,63,CR2.15,0,0,0,2,2,0,20
17/06/2020,34,64,CR2.10,0,0,0,3,3,0,20
17/06/2020,34,65,CR1.20,0,0,0,3,3,0,20
17/06/2020,34,68,CR2.7,2,0,2,0,2,0,20
17/06/2020,34,70,TR2.10,0,0,0,0,0,0,20
17/06/2020,34,71,TR2.7,0,0,0,0,0,0,20
17/06/2020,34,73,TR1.17,1,0,0,0,0,1,20
21/06/2020,35,2,CR1.12,0,0,0,0,0,0,20
21/06/2020,35,3,CR2.1,7,0,0,0,0,7,20
21/06/2020,35,4,CR1.17,2,0,0,0,0,2,20
21/06/2020,35,5,TR2.14,0,0,0,0,0,0,20
21/06/2020,35,6,CR1.11,0,0,0,0,0,0,20
21/06/2020,35,9,CR1.16,0,0,0,1,1,0,20
21/06/2020,35,10,TR1.5,0,0,0,0,0,0,20
21/06/2020,35,11,TR1.9,0,0,0,0,0,0,20
21/06/2020,35,12,TR2.9,1,0,1,0,1,1,20
21/06/2020,35,13,CR1.9,0,0,0,0,0,0,20
21/06/2020,35,14,TR1.11,0,0,0,0,0,0,20
21/06/2020,35,15,TR1.10,0,0,0,0,0,0,20
21/06/2020,35,20,CR1.10,0,0,0,0,0,0,20
21/06/2020,35,21,CR1.15,0,0,0,0,0,0,20
21/06/2020,35,22,TR2.12,0,0,0,0,0,0,20
21/06/2020,35,23,CR2.14,0,0,0,0,0,0,20
21/06/2020,35,24,CR2.9,0,0,0,0,0,0,20
21/06/2020,35,25,CR2.11,0,0,0,0,0,0,20
21/06/2020,35,26,TR1.19,1,0,1,0,1,0,20
21/06/2020,35,27,CR1.8,1,0,0,0,0,0,20
21/06/2020,35,28,CR1.2,3,0,2,0,2,1,20
21/06/2020,35,29,CR1.7,0,0,0,3,3,0,20
21/06/2020,35,30,CR2.12,1,0,0,0,0,0,20
21/06/2020,35,31,CR2.5,2,0,0,0,0,2,20
21/06/2020,35,33,CR1.4,0,0,0,0,0,0,20
21/06/2020,35,36,CR2x.4,0,0,0,2,2,1,20
21/06/2020,35,37,CR1x.18,0,0,0,0,0,0,20
21/06/2020,35,38,TR2.4,0,0,0,0,0,0,20
21/06/2020,35,40,CR1.13,0,0,0,0,0,1,20
21/06/2020,35,41,TR2.5,0,0,0,0,0,0,20
21/06/2020,35,43,TR1.13,1,0,0,0,0,1,20
21/06/2020,35,45,CR2.3,1,0,0,0,0,1,20
21/06/2020,35,48,CR1.6,0,0,0,0,0,0,20
21/06/2020,35,49,CR2.8,1,0,0,0,0,1,20
21/06/2020,35,50,CR2.6,1,0,0,0,0,0,20
21/06/2020,35,52,CR1.1,2,0,0,0,0,2,20
21/06/2020,35,55,CR1.19,0,0,0,4,4,0,20
21/06/2020,35,56,TR1.14,0,0,0,0,0,0,20
21/06/2020,35,59,CR1.5,0,0,0,3,3,0,20
21/06/2020,35,60,TR2.1,0,0,0,0,0,0,20
21/06/2020,35,61,TR1.18,0,0,0,0,0,0,20
21/06/2020,35,62,E5,0,0,0,0,0,0,20
21/06/2020,35,63,CR2.15,2,0,0,0,0,2,20
21/06/2020,35,64,CR2.10,0,0,0,0,0,0,20
21/06/2020,35,65,CR1.20,0,0,0,0,0,0,20
21/06/2020,35,68,CR2.7,0,0,0,0,0,0,20
21/06/2020,35,70,TR2.10,0,0,0,0,0,0,20
21/06/2020,35,73,TR1.17,2,0,0,0,0,2,20
25/06/2020,36,2,CR1.12,1,0,0,0,0,1,20
25/06/2020,36,3,CR2.1,8,0,0,0,0,8,20
25/06/2020,36,4,CR1.17,0,0,0,0,0,0,20
25/06/2020,36,6,CR1.11,0,0,0,0,0,0,20
25/06/2020,36,9,CR1.16,0,0,0,0,0,0,20
25/06/2020,36,10,TR1.5,0,0,0,0,0,0,20
25/06/2020,36,11,TR1.9,0,0,0,0,0,0,20
25/06/2020,36,13,CR1.9,0,0,1,0,1,0,20
25/06/2020,36,14,TR1.11,0,0,0,0,0,0,20
25/06/2020,36,15,TR1.10,0,1,0,0,1,0,20
25/06/2020,36,20,CR1.10,0,0,0,0,0,0,20
25/06/2020,36,21,CR1.15,0,0,0,0,0,0,20
25/06/2020,36,23,CR2.14,0,0,0,0,0,0,20
25/06/2020,36,24,CR2.9,0,0,0,0,0,0,20
25/06/2020,36,25,CR2.11,0,0,0,0,0,0,20
25/06/2020,36,26,TR1.19,0,0,0,0,0,0,20
25/06/2020,36,27,CR1.8,0,0,0,0,0,0,20
25/06/2020,36,28,CR1.2,3,0,0,0,0,3,20
25/06/2020,36,29,CR1.7,0,0,0,0,0,0,20
25/06/2020,36,30,CR2.12,1,0,1,0,1,0,20
25/06/2020,36,31,CR2.5,3,0,1,0,1,2,20
25/06/2020,36,33,CR1.4,1,0,0,0,0,1,20
25/06/2020,36,36,CR2x.4,0,0,0,0,0,0,20
25/06/2020,36,37,CR1x.18,0,0,0,1,1,0,20
25/06/2020,36,40,CR1.13,2,0,0,0,0,2,20
25/06/2020,36,43,TR1.13,0,0,0,0,0,0,20
25/06/2020,36,45,CR2.3,0,0,0,1,1,0,20
25/06/2020,36,48,CR1.6,0,0,0,0,0,0,20
25/06/2020,36,49,CR2.8,0,0,0,0,0,0,20
25/06/2020,36,50,CR2.6,0,0,0,0,0,0,20
25/06/2020,36,52,CR1.1,0,0,1,0,1,0,20
25/06/2020,36,55,CR1.19,0,0,0,0,0,0,20
25/06/2020,36,56,TR1.14,0,0,0,4,4,0,20
25/06/2020,36,59,CR1.5,0,0,0,0,0,0,20
25/06/2020,36,61,TR1.18,1,0,0,0,0,1,20
25/06/2020,36,62,E5,0,0,0,0,0,0,20
25/06/2020,36,63,CR2.15,1,0,0,0,0,1,20
25/06/2020,36,64,CR2.10,0,0,0,0,0,0,20
25/06/2020,36,65,CR1.20,0,0,0,1,1,0,20
25/06/2020,36,68,CR2.7,1,0,0,0,0,1,20
25/06/2020,36,73,TR1.17,0,0,0,0,0,2,20
29/06/2020,37,2,CR1.12,1,0,0,0,0,1,20
29/06/2020,37,3,CR2.1,0,0,0,0,0,0,20
29/06/2020,37,4,CR1.17,3,0,0,0,0,1,20
29/06/2020,37,9,CR1.16,0,0,0,1,1,0,20
29/06/2020,37,11,TR1.9,0,0,0,0,0,0,20
29/06/2020,37,14,TR1.11,1,0,1,0,1,1,20
29/06/2020,37,15,TR1.10,3,0,0,0,0,3,20
29/06/2020,37,20,CR1.10,1,0,0,0,0,1,20
29/06/2020,37,21,CR1.15,1,0,0,0,0,1,20
29/06/2020,37,23,CR2.14,0,0,0,0,0,0,20
29/06/2020,37,24,CR2.9,0,0,0,0,0,0,20
29/06/2020,37,25,CR2.11,1,0,0,0,0,1,20
29/06/2020,37,26,TR1.19,1,0,1,0,1,0,20
29/06/2020,37,27,CR1.8,0,0,0,0,0,0,20
29/06/2020,37,30,CR2.12,0,0,1,0,1,1,20
29/06/2020,37,31,CR2.5,0,0,0,0,0,0,20
29/06/2020,37,36,CR2x.4,0,0,0,0,0,0,20
29/06/2020,37,37,CR1x.18,0,0,0,0,0,0,20
29/06/2020,37,40,CR1.13,0,0,0,0,0,1,20
29/06/2020,37,43,TR1.13,0,0,0,0,0,0,20
29/06/2020,37,45,CR2.3,0,0,0,0,0,0,20
29/06/2020,37,49,CR2.8,0,0,0,0,0,0,20
29/06/2020,37,50,CR2.6,0,0,0,0,0,0,20
29/06/2020,37,55,CR1.19,0,0,0,0,0,0,20
29/06/2020,37,56,TR1.14,0,0,0,0,0,0,20
29/06/2020,37,59,CR1.5,0,0,0,0,0,0,20
29/06/2020,37,61,TR1.18,0,0,1,0,1,0,20
29/06/2020,37,62,E5,0,0,0,0,0,0,20
29/06/2020,37,63,CR2.15,0,0,0,0,0,0,20
29/06/2020,37,64,CR2.10,0,0,1,0,1,0,20
29/06/2020,37,65,CR1.20,0,0,0,0,0,0,20
29/06/2020,37,68,CR2.7,0,0,0,0,0,0,20
29/06/2020,37,73,TR1.17,0,0,0,0,0,3,20
03/07/2020,38,2,CR1.12,2,0,0,0,0,2,20
03/07/2020,38,4,CR1.17,0,0,0,0,0,0,20
03/07/2020,38,9,CR1.16,0,0,0,0,0,0,20
03/07/2020,38,11,TR1.9,2,0,0,1,1,1,20
03/07/2020,38,14,TR1.11,0,0,2,0,2,0,20
03/07/2020,38,15,TR1.10,0,0,1,0,1,0,20
03/07/2020,38,20,CR1.10,0,0,0,0,0,0,20
03/07/2020,38,21,CR1.15,1,0,0,0,0,1,20
03/07/2020,38,23,CR2.14,0,0,0,0,0,0,20
03/07/2020,38,24,CR2.9,0,0,0,0,0,0,20
03/07/2020,38,25,CR2.11,0,0,2,0,2,0,20
03/07/2020,38,26,TR1.19,1,0,0,0,0,1,20
03/07/2020,38,27,CR1.8,0,0,0,0,0,0,20
03/07/2020,38,30,CR2.12,0,0,0,0,0,0,20
03/07/2020,38,31,CR2.5,0,0,0,0,0,0,20
03/07/2020,38,36,CR2x.4,1,0,0,0,0,1,20
03/07/2020,38,37,CR1x.18,1,0,0,0,0,1,20
03/07/2020,38,40,CR1.13,2,0,0,0,0,2,20
03/07/2020,38,43,TR1.13,0,0,0,0,0,0,20
03/07/2020,38,45,CR2.3,0,0,0,0,0,0,20
03/07/2020,38,49,CR2.8,0,0,0,0,0,1,20
03/07/2020,38,50,CR2.6,0,0,0,0,0,0,20
03/07/2020,38,55,CR1.19,0,0,1,0,1,0,20
03/07/2020,38,56,TR1.14,0,0,0,0,0,0,20
03/07/2020,38,59,CR1.5,0,0,0,0,0,1,20
03/07/2020,38,61,TR1.18,0,0,0,0,0,0,20
03/07/2020,38,62,E5,0,0,0,0,0,0,20
03/07/2020,38,64,CR2.10,0,0,0,0,0,0,20
03/07/2020,38,65,CR1.20,0,0,0,0,0,0,20
03/07/2020,38,68,CR2.7,0,0,2,1,3,0,20
03/07/2020,38,73,TR1.17,0,0,0,0,0,0,20
07/07/2020,39,2,CR1.12,0,0,0,0,0,0,20
07/07/2020,39,9,CR1.16,0,0,0,0,0,0,20
07/07/2020,39,11,TR1.9,0,0,0,0,0,0,20
07/07/2020,39,14,TR1.11,0,0,0,0,0,0,20
07/07/2020,39,15,TR1.10,0,0,0,0,0,0,20
07/07/2020,39,20,CR1.10,0,0,0,0,0,0,20
07/07/2020,39,21,CR1.15,0,0,0,0,0,0,20
07/07/2020,39,23,CR2.14,0,0,0,0,0,0,20
07/07/2020,39,24,CR2.9,0,0,0,0,0,0,20
07/07/2020,39,25,CR2.11,0,0,0,0,0,0,20
07/07/2020,39,26,TR1.19,0,0,0,2,2,0,20
07/07/2020,39,27,CR1.8,0,0,0,0,0,0,20
07/07/2020,39,30,CR2.12,0,0,0,0,0,0,20
07/07/2020,39,31,CR2.5,0,0,0,0,0,0,20
07/07/2020,39,36,CR2x.4,0,0,0,0,0,0,20
07/07/2020,39,37,CR1x.18,0,0,0,0,0,0,20
07/07/2020,39,40,CR1.13,0,0,0,0,0,0,20
07/07/2020,39,43,TR1.13,0,0,0,0,0,0,20
07/07/2020,39,45,CR2.3,0,0,0,0,0,0,20
07/07/2020,39,49,CR2.8,0,0,1,0,1,0,20
07/07/2020,39,50,CR2.6,0,0,0,0,0,0,20
07/07/2020,39,55,CR1.19,0,0,0,0,0,0,20
07/07/2020,39,56,TR1.14,0,0,2,0,2,0,20
07/07/2020,39,59,CR1.5,0,0,0,0,0,0,20
07/07/2020,39,61,TR1.18,0,0,0,0,0,0,20
07/07/2020,39,62,E5,0,0,0,0,0,0,20
07/07/2020,39,64,CR2.10,0,0,0,0,0,0,20
07/07/2020,39,65,CR1.20,0,0,0,0,0,0,20
07/07/2020,39,68,CR2.7,0,0,0,0,0,0,20
07/07/2020,39,73,TR1.17,0,0,1,0,1,0,20
08/07/2020,40,2,CR1.12,6,0,0,0,0,1,20
08/07/2020,40,9,CR1.16,0,0,0,0,0,1,20
08/07/2020,40,11,TR1.9,0,0,0,0,0,0,20
08/07/2020,40,14,TR1.11,2,0,0,0,0,0,20
08/07/2020,40,15,TR1.10,0,0,0,0,0,0,20
08/07/2020,40,20,CR1.10,2,0,0,0,0,0,20
08/07/2020,40,23,CR2.14,0,0,0,0,0,0,20
08/07/2020,40,24,CR2.9,0,0,0,0,0,0,20
08/07/2020,40,25,CR2.11,0,0,0,0,0,1,20
08/07/2020,40,26,TR1.19,0,0,0,2,2,0,20
08/07/2020,40,27,CR1.8,0,0,0,0,0,0,20
08/07/2020,40,31,CR2.5,3,0,0,0,0,1,20
08/07/2020,40,36,CR2x.4,0,0,0,0,0,0,20
08/07/2020,40,37,CR1x.18,1,0,0,0,0,1,20
08/07/2020,40,40,CR1.13,1,0,0,0,0,1,20
08/07/2020,40,43,TR1.13,0,0,0,0,0,0,20
08/07/2020,40,45,CR2.3,3,0,0,0,0,2,20
08/07/2020,40,49,CR2.8,3,0,0,0,0,0,20
08/07/2020,40,50,CR2.6,0,0,0,0,0,0,20
08/07/2020,40,55,CR1.19,0,0,0,0,0,0,20
08/07/2020,40,56,TR1.14,4,0,0,0,0,1,20
08/07/2020,40,59,CR1.5,2,0,0,0,0,0,20
08/07/2020,40,61,TR1.18,1,0,0,0,0,1,20
08/07/2020,40,62,E5,3,0,0,0,0,0,20
08/07/2020,40,64,CR2.10,0,0,0,0,0,0,20
08/07/2020,40,65,CR1.20,5,0,0,0,0,2,20
08/07/2020,40,73,TR1.17,4,0,0,0,0,0,20
11/07/2020,41,2,CR1.12,1,0,0,0,0,1,20
11/07/2020,41,9,CR1.16,2,0,1,0,1,2,20
11/07/2020,41,11,TR1.9,0,0,0,0,0,0,20
11/07/2020,41,14,TR1.11,1,0,0,0,0,1,20
11/07/2020,41,15,TR1.10,1,0,0,0,0,1,20
11/07/2020,41,20,CR1.10,2,0,0,0,0,0,20
11/07/2020,41,23,CR2.14,0,0,0,0,0,0,20
11/07/2020,41,24,CR2.9,2,0,0,0,0,0,20
11/07/2020,41,25,CR2.11,0,0,0,0,0,0,20
11/07/2020,41,26,TR1.19,4,0,2,0,2,2,20
11/07/2020,41,27,CR1.8,0,0,0,0,0,0,20
11/07/2020,41,31,CR2.5,1,0,0,0,0,0,20
11/07/2020,41,36,CR2x.4,3,0,1,0,1,0,20
11/07/2020,41,37,CR1x.18,4,0,1,0,1,1,20
11/07/2020,41,40,CR1.13,7,0,0,0,0,3,20
11/07/2020,41,43,TR1.13,1,0,0,0,0,1,20
11/07/2020,41,45,CR2.3,1,0,0,0,0,1,20
11/07/2020,41,49,CR2.8,1,0,0,0,0,1,20
11/07/2020,41,50,CR2.6,2,0,1,0,1,1,20
11/07/2020,41,55,CR1.19,0,0,0,0,0,0,20
11/07/2020,41,56,TR1.14,3,0,0,0,0,0,20
11/07/2020,41,59,CR1.5,0,0,0,0,0,0,20
11/07/2020,41,61,TR1.18,0,0,0,0,0,0,20
11/07/2020,41,62,E5,0,0,1,0,1,0,20
11/07/2020,41,64,CR2.10,0,0,0,0,0,0,20
11/07/2020,41,65,CR1.20,2,0,2,0,2,1,20
11/07/2020,41,73,TR1.17,2,0,0,0,0,1,20
15/07/2020,42,2,CR1.12,0,0,0,3,3,0,20
15/07/2020,42,9,CR1.16,1,0,0,0,0,1,20
15/07/2020,42,14,TR1.11,1,0,0,0,0,1,20
15/07/2020,42,15,TR1.10,1,0,0,0,0,1,20
15/07/2020,42,20,CR1.10,0,0,0,0,0,0,20
15/07/2020,42,23,CR2.14,0,0,0,0,0,0,20
15/07/2020,42,24,CR2.9,1,0,1,0,1,0,20
15/07/2020,42,25,CR2.11,1,0,0,0,0,1,20
15/07/2020,42,26,TR1.19,0,0,0,1,1,0,20
15/07/2020,42,27,CR1.8,1,0,0,0,0,1,20
15/07/2020,42,31,CR2.5,2,0,0,0,0,2,20
15/07/2020,42,36,CR2x.4,0,0,0,0,0,0,20
15/07/2020,42,37,CR1x.18,2,0,1,0,1,1,20
15/07/2020,42,40,CR1.13,1,0,0,0,0,1,20
15/07/2020,42,43,TR1.13,0,0,0,0,0,0,20
15/07/2020,42,45,CR2.3,0,0,0,1,1,0,20
15/07/2020,42,49,CR2.8,1,0,0,0,0,1,20
15/07/2020,42,50,CR2.6,0,0,0,0,0,1,20
15/07/2020,42,55,CR1.19,1,0,2,1,3,0,20
15/07/2020,42,56,TR1.14,0,0,0,0,0,1,20
15/07/2020,42,59,CR1.5,2,0,0,0,0,2,20
15/07/2020,42,61,TR1.18,0,0,0,0,0,0,20
15/07/2020,42,62,E5,1,0,0,0,0,1,20
15/07/2020,42,64,CR2.10,1,0,1,0,1,0,20
15/07/2020,42,73,TR1.17,2,0,1,0,1,0,20
19/07/2020,43,2,CR1.12,0,0,0,0,0,0,20
19/07/2020,43,9,CR1.16,0,0,0,0,0,0,20
19/07/2020,43,14,TR1.11,0,0,0,2,2,0,20
19/07/2020,43,15,TR1.10,0,0,0,0,0,0,20
19/07/2020,43,20,CR1.10,0,0,0,0,0,0,20
19/07/2020,43,23,CR2.14,0,0,0,0,0,0,20
19/07/2020,43,24,CR2.9,0,0,0,0,0,0,20
19/07/2020,43,25,CR2.11,0,0,0,1,1,0,20
19/07/2020,43,27,CR1.8,0,0,0,0,0,0,20
19/07/2020,43,31,CR2.5,5,0,0,0,0,5,20
19/07/2020,43,36,CR2x.4,0,0,0,1,1,0,20
19/07/2020,43,37,CR1x.18,0,0,0,0,0,0,20
19/07/2020,43,40,CR1.13,0,0,1,1,2,0,20
19/07/2020,43,43,TR1.13,0,0,1,1,2,0,20
19/07/2020,43,45,CR2.3,0,0,0,0,0,0,20
19/07/2020,43,49,CR2.8,0,0,0,0,0,0,20
19/07/2020,43,50,CR2.6,0,0,0,1,1,0,20
19/07/2020,43,55,CR1.19,0,0,0,1,1,0,20
19/07/2020,43,56,TR1.14,1,0,0,0,0,1,20
19/07/2020,43,59,CR1.5,0,0,0,1,1,0,20
19/07/2020,43,61,TR1.18,2,0,2,0,2,0,20
19/07/2020,43,62,E5,0,0,0,0,0,0,20
19/07/2020,43,64,CR2.10,0,0,0,0,0,1,20
19/07/2020,43,73,TR1.17,0,0,0,3,3,0,20
23/07/2020,44,9,CR1.16,2,0,0,0,0,2,20
23/07/2020,44,14,TR1.11,0,0,0,2,2,0,20
23/07/2020,44,15,TR1.10,0,0,0,0,0,0,20
23/07/2020,44,20,CR1.10,1,0,0,0,0,1,20
23/07/2020,44,23,CR2.14,0,0,0,0,0,1,20
23/07/2020,44,24,CR2.9,0,0,0,0,0,0,20
23/07/2020,44,25,CR2.11,0,0,0,1,1,2,20
23/07/2020,44,27,CR1.8,0,0,0,0,0,0,20
23/07/2020,44,31,CR2.5,1,0,0,0,0,1,20
23/07/2020,44,36,CR2x.4,0,0,0,0,0,1,20
23/07/2020,44,37,CR1x.18,0,0,0,0,0,1,20
23/07/2020,44,40,CR1.13,4,0,0,0,0,2,20
23/07/2020,44,43,TR1.13,0,0,0,1,1,0,20
23/07/2020,44,45,CR2.3,0,0,0,2,2,0,20
23/07/2020,44,49,CR2.8,3,0,0,0,0,1,20
23/07/2020,44,50,CR2.6,0,0,0,0,0,2,20
23/07/2020,44,55,CR1.19,0,0,0,1,1,0,20
23/07/2020,44,56,TR1.14,2,0,0,0,0,2,20
23/07/2020,44,59,CR1.5,0,0,0,0,0,0,20
23/07/2020,44,61,TR1.18,1,0,0,0,0,1,20
23/07/2020,44,62,E5,0,0,0,1,1,0,20
23/07/2020,44,64,CR2.10,0,0,0,0,0,0,20
23/07/2020,44,73,TR1.17,1,0,0,0,0,4,20
25/07/2020,45,14,TR1.11,0,0,0,0,0,0,20
25/07/2020,45,15,TR1.10,0,0,0,0,0,0,20
25/07/2020,45,20,CR1.10,0,0,0,2,2,0,20
25/07/2020,45,23,CR2.14,0,0,0,1,1,2,20
25/07/2020,45,24,CR2.9,0,0,0,0,0,0,20
25/07/2020,45,25,CR2.11,2,0,0,0,0,0,20
25/07/2020,45,31,CR2.5,1,0,0,0,0,1,20
25/07/2020,45,36,CR2x.4,5,0,0,0,0,0,20
25/07/2020,45,37,CR1x.18,0,0,0,1,1,0,20
25/07/2020,45,40,CR1.13,3,0,0,1,1,1,20
25/07/2020,45,43,TR1.13,1,0,0,0,0,0,20
25/07/2020,45,45,CR2.3,0,0,0,0,0,0,20
25/07/2020,45,49,CR2.8,0,0,0,4,4,0,20
25/07/2020,45,50,CR2.6,2,0,0,0,0,0,20
25/07/2020,45,55,CR1.19,0,0,0,1,1,0,20
25/07/2020,45,56,TR1.14,0,0,0,0,0,0,20
25/07/2020,45,59,CR1.5,0,0,0,1,1,0,20
25/07/2020,45,61,TR1.18,0,0,0,1,1,0,20
25/07/2020,45,62,E5,0,0,0,0,0,0,20
25/07/2020,45,64,CR2.10,0,0,0,0,0,1,20
25/07/2020,45,73,TR1.17,1,0,0,0,0,0,20
27/07/2020,46,14,TR1.11,0,0,0,0,0,0,20
27/07/2020,46,15,TR1.10,0,0,0,0,0,1,20
27/07/2020,46,20,CR1.10,0,0,0,2,2,0,20
27/07/2020,46,23,CR2.14,0,0,0,2,2,0,20
27/07/2020,46,24,CR2.9,0,0,0,0,0,0,20
27/07/2020,46,25,CR2.11,2,0,0,0,0,1,20
27/07/2020,46,31,CR2.5,0,0,0,2,2,0,20
27/07/2020,46,36,CR2x.4,1,0,1,0,1,1,20
27/07/2020,46,37,CR1x.18,0,0,0,0,0,1,20
27/07/2020,46,40,CR1.13,0,0,0,1,1,0,20
27/07/2020,46,43,TR1.13,1,0,0,0,0,1,20
27/07/2020,46,45,CR2.3,0,0,0,0,0,0,20
27/07/2020,46,49,CR2.8,0,0,2,1,3,0,20
27/07/2020,46,50,CR2.6,1,0,0,0,0,1,20
27/07/2020,46,55,CR1.19,1,0,0,0,0,0,20
27/07/2020,46,56,TR1.14,1,0,0,0,0,1,20
27/07/2020,46,59,CR1.5,1,0,0,0,0,1,20
27/07/2020,46,61,TR1.18,0,0,0,0,0,0,20
27/07/2020,46,62,E5,2,0,1,0,1,1,20
27/07/2020,46,64,CR2.10,0,0,0,5,5,1,20
27/07/2020,46,73,TR1.17,0,0,0,0,0,0,20
31/07/2020,47,14,TR1.11,1,0,0,0,0,0,20
31/07/2020,47,15,TR1.10,1,0,0,0,0,1,20
31/07/2020,47,20,CR1.10,2,0,0,0,0,2,20
31/07/2020,47,23,CR2.14,0,0,0,0,0,0,20
31/07/2020,47,24,CR2.9,0,0,0,0,0,0,20
31/07/2020,47,25,CR2.11,1,0,0,0,0,1,20
31/07/2020,47,31,CR2.5,1,0,0,0,0,1,20
31/07/2020,47,36,CR2x.4,0,0,0,0,0,1,20
31/07/2020,47,37,CR1x.18,1,0,0,0,0,1,20
31/07/2020,47,43,TR1.13,0,0,1,1,2,0,20
31/07/2020,47,45,CR2.3,1,0,0,0,0,1,20
31/07/2020,47,49,CR2.8,1,0,0,0,0,1,20
31/07/2020,47,50,CR2.6,1,0,0,1,1,3,20
31/07/2020,47,55,CR1.19,0,0,0,0,0,0,20
31/07/2020,47,56,TR1.14,0,0,0,3,3,0,20
31/07/2020,47,59,CR1.5,1,0,0,0,0,1,20
31/07/2020,47,64,CR2.10,0,0,0,0,0,0,20
31/07/2020,47,73,TR1.17,2,0,0,2,2,1,20
02/08/2020,48,14,TR1.11,0,0,0,0,0,0,20
02/08/2020,48,15,TR1.10,1,0,0,0,0,1,20
02/08/2020,48,23,CR2.14,0,0,0,0,0,0,20
02/08/2020,48,24,CR2.9,0,0,0,0,0,0,20
02/08/2020,48,25,CR2.11,0,0,0,0,0,0,20
02/08/2020,48,31,CR2.5,1,0,0,0,0,2,20
02/08/2020,48,36,CR2x.4,1,0,0,0,0,0,20
02/08/2020,48,37,CR1x.18,0,0,0,2,2,0,20
02/08/2020,48,43,TR1.13,2,0,0,0,0,1,20
02/08/2020,48,45,CR2.3,0,0,0,0,0,0,20
02/08/2020,48,49,CR2.8,0,0,0,2,2,0,20
02/08/2020,48,50,CR2.6,1,0,0,0,0,1,20
02/08/2020,48,55,CR1.19,0,0,0,0,0,0,20
02/08/2020,48,56,TR1.14,0,0,0,2,2,1,20
02/08/2020,48,59,CR1.5,4,0,0,0,0,0,20
02/08/2020,48,64,CR2.10,2,0,0,0,0,0,20
02/08/2020,48,73,TR1.17,0,0,0,1,1,0,20
02/08/2020,49,15,TR1.10,3,0,0,0,0,0,20
02/08/2020,49,23,CR2.14,3,0,0,0,0,0,20
02/08/2020,49,24,CR2.9,0,0,0,0,0,0,20
02/08/2020,49,25,CR2.11,0,0,0,0,0,1,20
02/08/2020,49,31,CR2.5,0,0,0,0,0,0,20
02/08/2020,49,36,CR2x.4,0,0,0,0,0,1,20
02/08/2020,49,37,CR1x.18,0,0,0,4,4,0,20
02/08/2020,49,43,TR1.13,0,0,0,0,0,0,20
02/08/2020,49,45,CR2.3,1,0,0,4,4,0,20
02/08/2020,49,49,CR2.8,0,0,0,0,0,1,20
02/08/2020,49,50,CR2.6,0,0,0,1,1,0,20
02/08/2020,49,55,CR1.19,1,0,0,0,0,1,20
02/08/2020,49,56,TR1.14,3,0,0,1,1,1,20
02/08/2020,49,59,CR1.5,1,0,1,0,1,0,20
02/08/2020,49,64,CR2.10,0,0,0,1,1,0,20
02/08/2020,49,73,TR1.17,0,0,0,0,0,0,20
08/08/2020,50,15,TR1.10,1,0,0,0,0,2,20
08/08/2020,50,23,CR2.14,0,0,0,0,0,2,20
08/08/2020,50,24,CR2.9,0,0,0,1,1,4,20
08/08/2020,50,25,CR2.11,2,0,0,0,0,1,20
08/08/2020,50,31,CR2.5,0,0,0,0,0,1,20
08/08/2020,50,37,CR1x.18,0,0,0,0,0,1,20
08/08/2020,50,43,TR1.13,1,0,0,0,0,2,20
08/08/2020,50,45,CR2.3,1,0,0,0,0,2,20
08/08/2020,50,49,CR2.8,1,0,0,0,0,1,20
08/08/2020,50,50,CR2.6,0,0,0,3,3,0,20
08/08/2020,50,55,CR1.19,0,0,0,0,0,1,20
08/08/2020,50,56,TR1.14,2,0,0,0,0,0,20
08/08/2020,50,59,CR1.5,1,0,0,0,0,1,20
08/08/2020,50,64,CR2.10,1,0,0,0,0,3,20
10/08/2020,51,15,TR1.10,0,0,0,0,0,0,20
10/08/2020,51,23,CR2.14,0,0,0,0,0,0,20
10/08/2020,51,24,CR2.9,0,0,0,0,0,0,20
10/08/2020,51,25,CR2.11,1,0,0,0,0,1,20
10/08/2020,51,31,CR2.5,1,0,0,0,0,1,20
10/08/2020,51,37,CR1x.18,1,0,0,2,2,1,20
10/08/2020,51,43,TR1.13,1,0,0,0,0,1,20
10/08/2020,51,45,CR2.3,0,0,0,0,0,0,20
10/08/2020,51,49,CR2.8,0,0,0,0,0,0,20
10/08/2020,51,50,CR2.6,0,0,0,1,1,0,20
10/08/2020,51,55,CR1.19,2,0,0,0,0,2,20
10/08/2020,51,56,TR1.14,0,0,0,0,0,0,20
10/08/2020,51,59,CR1.5,1,0,0,1,1,1,20
10/08/2020,51,64,CR2.10,9,0,0,0,0,9,20
12/08/2020,52,15,TR1.10,0,0,0,0,0,0,20
12/08/2020,52,24,CR2.9,0,0,0,0,0,0,20
12/08/2020,52,25,CR2.11,0,0,0,0,0,0,20
12/08/2020,52,31,CR2.5,0,0,0,0,0,0,20
12/08/2020,52,37,CR1x.18,0,0,0,0,0,1,20
12/08/2020,52,43,TR1.13,0,0,0,2,2,0,20
12/08/2020,52,45,CR2.3,0,0,0,0,0,0,20
12/08/2020,52,49,CR2.8,0,0,0,0,0,0,20
12/08/2020,52,50,CR2.6,0,0,0,0,0,0,20
12/08/2020,52,55,CR1.19,0,0,0,0,0,0,20
12/08/2020,52,59,CR1.5,0,0,0,0,0,1,20
12/08/2020,52,64,CR2.10,0,0,0,0,0,0,20
16/08/2020,53,37,CR1x.18,1,0,0,0,0,1,20
16/08/2020,53,43,TR1.13,3,0,0,0,0,2,20
16/08/2020,53,55,CR1.19,0,0,0,0,0,0,20
16/08/2020,53,59,CR1.5,0,0,0,0,0,0,20
18/08/2020,54,37,CR1x.18,0,0,0,0,0,1,18
18/08/2020,54,43,TR1.13,0,0,0,0,0,1,18
18/08/2020,54,55,CR1.19,0,0,0,0,0,1,17
20/08/2020,55,37,CR1x.18,0,0,0,0,0,0,18
20/08/2020,55,55,CR1.19,0,0,0,0,0,1,16
24/08/2020,56,37,CR1x.18,0,0,0,0,0,3,15
24/08/2020,56,55,CR1.19,0,0,0,0,0,1,14
28/08/2020,57,37,CR1x.18,0,0,0,0,0,1,14
01/09/2020,58,37,CR1x.18,0,0,0,0,0,2,12
